FORMAT SKU Code	Product Name	ITEM	FORMAT	SKU SAP Code	SKU SAP NAME	Category	Sub Category	Case Pack	Per UNIT	Item Head	Brand	UOM	Per UNIT Value	Category Head	IS LITRE	IS LITRE OIL	PACKAGING COST EXC
EDOGDVWEUPPWVGED	Mustard Oil 5L	MUSTARD 5L	FLIPKART	FG0000011	MUSTARD KACCHI GHANI 5 LTR 4 PCS	MUSTARD	MUSTARD KACCHI GHANI	4	5 LTR	COMMODITY	JIVO	LTR	5	OIL	Y	Y	73.875
GHEGWGQH84YSZN6F	deshiGhee 1KG	DESI GHEE 1KG	FLIPKART	FG0000223	JIVO DESI GHEE 1 LTR 16 PCS	GHEE	DESI GHEE	16	1 LTR	PREMIUM	JIVO	LTR	1	OIL	Y	Y	6.875
EDOGE5WYGYXCRRMF	Extra Light 3L	EXTRA LIGHT 1+1+1L	FLIPKART	FG0000310	EXTRA LIGHT 1 LTR PACK OF 3 SET	OLIVE	EXTRA LIGHT	3	1+1+1 LTR	PREMIUM	JIVO	LTR	3	OIL	Y	Y	9.875
EDOGTERWCWCGYWCH	pomace 1l+1l	SANO POMACE 1+1L	FLIPKART	FG0000339	SANO_POMACE_CANOLA_1+1	OLIVE	SANO POMACE		1+1 LTR	PREMIUM	SANO	LTR	2	OIL	Y	Y	7.875
EDOGTKKPP3TWKYSP	sano POMACE 1l+1l+1L	SANO POMACE 1+1+1L	FLIPKART	FG0000340	SANO_POMACE_CANOLA_2+1	OLIVE	SANO POMACE		1+1+1 LTR	PREMIUM	SANO	LTR	3	OIL	Y	Y	9.875
EDOFTX47SWWQPRVS	Canola 5L	CANOLA 5L	FLIPKART	FG0000004	COLD PRESS 5 LTR 4 PCS	CANOLA	CANOLA	4	5 LTR	PREMIUM	JIVO	LTR	5	OIL	Y	Y	73.875
EDOHYSD9JPGYSX4M	New_Groudnut 1+1L-Local	GROUNDNUT 1+1L	FLIPKART			GROUNDNUT	GROUNDNUT		1+1 LTR	PREMIUM	JIVO	LTR	2	OIL	Y	Y	7.875
EDSH3FJV4PEJDFAN	Chiaseed800jar	CHIASEEDS 800G	FLIPKART	FG0000167	CHIA SEEDS 800 GMS 1 PCS	SEEDS	CHIA SEEDS	1	800 GMS	OTHER	JIVO	GMS		OTHER	N	N	0
EDOGRF8RMWNYGJPE	Jivo Gold_5 Ltr	GOLD 5L	FLIPKART	FG0000128	JIVO GOLD 5 LTR 4 PCS	BLENDED	GOLD	4	5 LTR	COMMODITY	JIVO	LTR	5	OIL	Y	Y	73.875
EDOFRXTMJGAE9DCT	Canola 1+1L	CANOLA 1+1L	FLIPKART	FG0000123	CANOLA OIL 1 LTR + 1 LTR COMBO 10 SET	CANOLA	CANOLA	10	1+1 LTR	PREMIUM	JIVO	LTR	2	OIL	Y	Y	7.875
SCMH4H8SNYFGCYKM	Cinnamon Sticks 100g	CINNAMON 100G	FLIPKART	FG0000198	SPICES CINNAMON 100 GMS	SPICES	CINNAMON		100 GMS	OTHER	JIVO	GMS		OTHER	N	N	0
EDOGW6TC5TV8D8JF	Groudnut 1+1L	GROUNDNUT 1+1L	FLIPKART			GROUNDNUT	GROUNDNUT		1+1 LTR	PREMIUM	JIVO	LTR	2	OIL	Y	Y	7.875
SCMH2HMC2U7PQMNV	BLACK PEPPER-100G	BLACK PEPPER 100G	FLIPKART	FG0000196	SPICES BLACK PEPPER 100 GMS	SPICES	BLACK PEPPER		100 GMS	OTHER	JIVO	GMS		OTHER	N	N	0
EDOGHZTJZEYQJGME	FL-Extra Light 2 L	EXTRA LIGHT 2L	FLIPKART	FG0000064	EXTRA LIGHT OIVE 2 LTR 10 PCS HANDLE	OLIVE	EXTRA LIGHT	10	2 LTR	PREMIUM	JIVO	LTR	2	OIL	Y	Y	7.875
EDOHF54ZZWHRJY2M	So_OLive_Oil_1+1L	SO OLIVE 1+1L	FLIPKART			BLENDED	SO OLIVE		1+1 LTR	PREMIUM	JIVO	LTR	2	OIL	Y	Y	7.875
EDOGNZ7EGKQPZ3Y9	ExtraLight1Ltr-Pomace1Ltr-Pomace1Ltr	EXTRA LIGHT 1L+POMACE 1+1L	FLIPKART			OLIVE	EXTRA LIGHT		1+1+1 LTR	PREMIUM	JIVO	LTR	3	OIL	Y	Y	9.875
EDOGUY3FP4Y3RVQM	Extra Virgin Olive oil 250ml	EXTRA VIRGIN 250ML	FLIPKART	FG0000112	EXTRA VIRGIN OLIVE 250 MLS 4 PCS	OLIVE	EXTRA VIRGIN	4	250 MLS	PREMIUM	JIVO	MLS	0.25	OIL	Y	Y	3.43
EDOHF5F6BS3MEHJD	Jivo_Coconut_500ml	COCONUT 500ML	FLIPKART	FG0000157	EXTRA VIRGIN COCONUT OIL 500 MLS 24 PCS	COCONUT	COCONUT	24	500 MLS	PREMIUM	JIVO	MLS	0.5	OIL	Y	Y	6.875
EDOHYVZVGVHUUQYF	Local-1 Lit-Extra Virgin-New	EXTRA VIRGIN 1L	FLIPKART	FG0000042	EXTRA VIRGIN OLIVE 1 LTR 16 PCS	OLIVE	EXTRA VIRGIN	16	1 LTR	PREMIUM	JIVO	LTR	1	OIL	Y	Y	6.875
EDOGWF6UGCWRREGZ	Groudnut 1L	GROUNDNUT 1L	FLIPKART	FG0000142	COLD PRESS GROUNDNUT OIL 1 LTR 16 PCS	GROUNDNUT	GROUNDNUT	16	1 LTR	PREMIUM	JIVO	LTR	1	OIL	Y	Y	6.875
EDSH63Q3YYYWHMUH	Jivo Sunflower Seeds 800gm	SUNFLOWER SEEDS 800G	FLIPKART	FG0000301	SUNFLOWER SEEDS 800 GMS 1 PCS	SEEDS	SUNFLOWER SEEDS	1	800 GMS	OTHER	JIVO	GMS		OTHER	N	N	0
EDOGHERSUQWAAU5S	FL-Canola oil 3L	CANOLA 1+1+1L	FLIPKART	FG0000043	COLD PRESS 3 LTR 6 PCS	CANOLA	CANOLA		1+1+1 LTR	PREMIUM	JIVO	LTR	3	OIL	Y	Y	9.875
GHEGEUJJNSCCHWQ9	A2 Cow Ghee 1kg	A2 GHEE 1KG	FLIPKART	FG0000083	DESI GHEE A2 1 LTR 9 PCS	GHEE	A2 GHEE	9	1 LTR	PREMIUM	JIVO	LTR	1	OIL	Y	Y	6.875
EDOHBH2FP9ES6GGA	Jivo_Ricce_Bran_Oil_1+1L	RICE BRAN 2L	FLIPKART			RICE BRAN	RICE BRAN		2 LTR	COMMODITY	JIVO	LTR	2	OIL	Y	Y	7.875
EDOGWYEHTUG4JBS2	Groudnut 5L	GROUNDNUT 5L	FLIPKART	FG0000143	COLD PRESS GROUNDNUT OIL 5 LTR 4 PCS	GROUNDNUT	GROUNDNUT	4	5 LTR	PREMIUM	JIVO	LTR	5	OIL	Y	Y	73.875
EDOGYZHGUSADDG9B	Pomace olive oil 1+1L	JIVO POMACE 1+1L	FLIPKART	FG0000320	POMACE OLIVE OIL 1 + 1 LTR	OLIVE	JIVO POMACE		1+1 LTR	PREMIUM	JIVO	LTR	2	OIL	Y	Y	7.875
EDOGYJ7SYY4H2MDH	Jivo Gold oil 1+1	GOLD 1+1L	FLIPKART			BLENDED	GOLD		1+1 LTR	COMMODITY	JIVO	LTR	2	OIL	Y	Y	7.875
EDOFRWTZZUBGDJ3Q	Canola 5+1L	CANOLA 5+1L	FLIPKART	SL0000243	CANOLA 5 LTR +1 LTR	CANOLA	CANOLA		5+1 LTR	PREMIUM	JIVO	LTR	6	OIL	Y	Y	80.75
EDOG3WCXJMZZYVW4	Pomace 1L	JIVO POMACE 1L	FLIPKART	FG0000028	POMACE OLIVE 1 LTR 16 PCS	OLIVE	JIVO POMACE	16	1 LTR	PREMIUM	JIVO	LTR	1	OIL	Y	Y	6.875
EDOHYRQZ2GQTMYYF	New_Canola 1+1L-Local	CANOLA 1+1L	FLIPKART	FG0000123	CANOLA OIL 1 LTR + 1 LTR COMBO 10 SET	CANOLA	CANOLA	10	1+1 LTR	PREMIUM	JIVO	LTR	2	OIL	Y	Y	7.875
EDOGNZ74XZGU6ZHR	Extra Light1Ltr-Pomace1Ltr-ExtraVirgin1Ltr	EXTRA LIGHT 1L+POMACE 1L+EXTRA VIRGIN 1L	FLIPKART			OLIVE	EXTRA VIRGIN		1+1+1 LTR	PREMIUM	JIVO	LTR	3	OIL	Y	Y	9.875
EDOGDTXGGCGFCE88	Extra Virgin 5L	EXTRA VIRGIN 5L	FLIPKART	FG0000074	EXTRA VIRGIN OLIVE 5 LTR TIN 4 PCS IMPORTED	OLIVE	EXTRA VIRGIN	4	5 LTR	PREMIUM	JIVO	LTR	5	OIL	Y	Y	26.875
EDOHBH2URWDMHPXC	Jivo_So_Olive_Oil_1+1L	SO OLIVE 1+1L	FLIPKART			BLENDED	SO OLIVE		1+1 LTR	PREMIUM	JIVO	LTR	2	OIL	Y	Y	7.875
EDOGFYRUTBCS6YHW	Pomace olive oil 1+1+1L	JIVO POMACE 1+1+1L	FLIPKART	FG0000311	POMACE OLIVE OIL 1 + 1 + 1 LTR	OLIVE	JIVO POMACE		1+1+1 LTR	PREMIUM	JIVO	LTR	3	OIL	Y	Y	9.875
EDOGE5XHFZN2HZ9D	Pomace 5L	JIVO POMACE 5L	FLIPKART	FG0000008	POMACE OLIVE 5 LTR TIN 4 PCS	OLIVE	JIVO POMACE	4	5 LTR	PREMIUM	JIVO	LTR	5	OIL	Y	Y	26.875
EDOGRSY3TNXGEJPJ	sano pomace 5L	SANO POMACE 5L	FLIPKART	FG0000151	SANO POMACE OLIVE 5 LTR TIN 4 PCS	OLIVE	SANO POMACE	4	5 LTR	PREMIUM	SANO	LTR	5	OIL	Y	Y	26.875
EDSH4ZGFWPSUY7RH	Jivo Flax Seeds 200gm	FLAX SEEDS 200GM	FLIPKART			SEEDS	FLAX SEEDS		200 GMS	OTHER	JIVO	GMS		OTHER	N	N	0
EDOFZFUFCQDJHTQF	Extra Light 5L	EXTRA LIGHT 5L	FLIPKART	FG0000009	EXTRA LIGHT OLIVE 5 LTR TIN 4 PCS	OLIVE	EXTRA LIGHT	4	5 LTR	PREMIUM	JIVO	LTR	5	OIL	Y	Y	26.875
EDOGPM99CPXSEUYN	Extra Virgin Coconut oil 1L	COCONUT 1L	FLIPKART	FG0000116	EXTRA VIRGIN COCONUT OIL 1 LTR 16 PCS	COCONUT	COCONUT	16	1 LTR	PREMIUM	JIVO	LTR	1	OIL	Y	Y	6.875
EDOH3YZ46GFVHEPB	Rice Bran oil 5 Ltr	RICE BRAN 5L	FLIPKART	FG0000230	RICE BRAN OIL 5 LTR 4 PCS	RICE BRAN	RICE BRAN	4	5 LTR	COMMODITY	JIVO	LTR	5	OIL	Y	Y	73.875
EDOG2NMPHJZH6GJC	Extra Virgin 1+1L	EXTRA VIRGIN 1+1L	FLIPKART			OLIVE	EXTRA VIRGIN		1+1 LTR	PREMIUM	JIVO	LTR	2	OIL	Y	Y	7.875
EDOGNZ4VHFFK3W6H	Canola2ltr-Extra Virgin1ltr	CANOLA 1+1L + EXTRA VIRGIN 1L	FLIPKART			OLIVE	EXTRA VIRGIN		1+1+1 LTR	PREMIUM	JIVO	LTR	3	OIL	Y	Y	9.875
EDOGE62HWA7UFXHW	Mustard Oil 2L	JIVO MUSTARD 1+1L	FLIPKART	FG0000038	MUSTARD KACCHI GHANI 2 LTR 10 PCS	MUSTARD	MUSTARD KACCHI GHANI	10	1+1 LTR	COMMODITY	JIVO	LTR	2	OIL	Y	Y	7.875
EDOH5HEHTHKWTHYY	Jivo So-Olive 5L	SO OLIVE 5L	FLIPKART	FG0000229	SO OLIVE OIL 5 LTR 4 PCS	BLENDED	SO OLIVE	4	5 LTR	PREMIUM	JIVO	LTR	5	OIL	Y	Y	73.875
EDOGMHXYU2PHFW4N	Pomace Oil 2L	JIVO POMACE 2L	FLIPKART	FG0000114	POMACE OLIVE 2 LTR 10 PCS HANDLE	OLIVE	JIVO POMACE	10	2 LTR	PREMIUM	JIVO	LTR	2	OIL	Y	Y	7.875
EDOGGPFZ2FCJ6UWS	SOYA001 +Pack of 2	SOYABEAN 1+1L	FLIPKART			SOYABEAN	SOYABEAN		1+1 LTR	COMMODITY	JIVO	LTR	2	OIL	Y	Y	7.875
EDOFT6PR7QMYHGJH	Extra light 1+1L	EXTRA LIGHT 1+1L	FLIPKART	FG0000313	EXTRA LIGHT 1 + 1 LTR	OLIVE	EXTRA LIGHT		1+1 LTR	PREMIUM	JIVO	LTR	2	OIL	Y	Y	7.875
EDOGE5WHZBGW4SKA	Extra Light 1L	EXTRA LIGHT 1L	FLIPKART	FG0000005	EXTRA LIGHT OLIVE 1 LTR 16 PCS	OLIVE	EXTRA LIGHT	16	1 LTR	PREMIUM	JIVO	LTR	1	OIL	Y	Y	6.875
EDSH4ZF2VBEBFJUQ	Jivo Basil Seeds 200gm	BASIL SEEDS 200 GM	FLIPKART	FG0000180	BASIL SEEDS 200 GMS 1 PCS	SEEDS	BASIL SEEDS	1	200 GMS	OTHER	JIVO	GMS		OTHER	N	N	0
EDOH5HE7FCZJWTAW	Jivo So-Olive 1L	SO OLIVE 1L	FLIPKART	FG0000228	SO OLIVE 1L 16 PCS	BLENDED	SO OLIVE	16	1 LTR	PREMIUM	JIVO	LTR	1	OIL	Y	Y	6.875
EDOHDGDYAUQSWVQV	Jivo_First_Pressed_Yellow_Mustard_Oil_1L	YELLOW MUSTARD 1L	FLIPKART	FG0000328	YELLOW MUSTARD OIL 1 LTR 20 PCS	MUSTARD	YELLOW MUSTARD	20	1 LTR	PREMIUM	JIVO	LTR	1	OIL	Y	Y	6.875
EDOGFGQQKJSKMRYQ	light-virgin-pomace-3L	JIVO EXTRA LIGHT 1L+EXTRA VIRGIN 1L+POMACE 1L	FLIPKART			OLIVE	EXTRA VIRGIN		1+1+1 LTR	PREMIUM	JIVO	LTR	3	OIL	Y	Y	9.875
EDOHF5YKX4KJREGK	Jivo_Rice_Bran_OIl_1L	RICE BRAN 1L	FLIPKART	FG0000227	RICE BRAN 1L 16 PCS	RICE BRAN	RICE BRAN	16	1 LTR	COMMODITY	JIVO	LTR	1	OIL	Y	Y	6.875
EDOG2NMEHAREDMZ3	Extra Virgin 1L	EXTRA VIRGIN 1L	FLIPKART	FG0000042	EXTRA VIRGIN OLIVE 1 LTR 16 PCS	OLIVE	EXTRA VIRGIN	16	1 LTR	PREMIUM	JIVO	LTR	1	OIL	Y	Y	6.875
EDSH4YGYGRWRQRGK	Jivo Chia Seeds 200gm	CHIA SEEDS 200GM	FLIPKART	FG0000165	CHIA SEEDS 200 GMS 1 PCS	SEEDS	CHIA SEEDS	1	200 GMS	OTHER	JIVO	GMS		OTHER	N	N	0
EDOGDTNZGDAHUDUJ	Canola 1L	CANOLA 1L	FLIPKART	FG0000032	COLD PRESS 1 LTR 20 PCS	CANOLA	CANOLA	20	1 LTR	PREMIUM	JIVO	LTR	1	OIL	Y	Y	6.875
EDOGGF7EDC9PFFHH	SOYA005	SOYABEAN 5L	FLIPKART			SOYABEAN	SOYABEAN		5 LTR	COMMODITY	JIVO	LTR	5	OIL	Y	Y	73.875
GHEGWGYYFW9EDUBS	Desi Ghee 500G	DESI GHEE 500GM	FLIPKART	FG0000352	JIVO_DESI_GHEE_500 GMS	GHEE	DESI GHEE		500 MLS	PREMIUM	JIVO	GMS	0.5	OIL	Y	Y	6.875
EDSH7YS5QEEYEZZ6	Flax_Sunflower_Pumpking_Chia_800G	FLAX+SUNFLOWER+PUMKIN+CHIA 800GM	FLIPKART			SEEDS	ALL SEEDS		800 GMS	OTHER	JIVO	GMS		OTHER	N	N	0
EDSH5AVFZRHQ43RZ	CHIA SEEDS	FLAX SEEDS 400 GM	FLIPKART	FG0000290	FLAX SEED 400 GMS 1 PCS	SEEDS	FLAX SEEDS	1	400 GMS	OTHER	JIVO	GMS		OTHER	N	N	0
EDSH4ZZGCGCMYVFH	Jivo Pumpkin Seeds 800gm	PUMPKIN SEEDS 800 GM	FLIPKART	FG0000299	PUMPKIN SEEDS 800 GM 1 PCS	SEEDS	PUMPKIN SEEDS	1	800 GMS	OTHER	JIVO	GMS		OTHER	N	N	0
SCMHG4HDYS45YCAZ	Jivo_1gm_Kashmiri_Kesar	KESAR 1GM	FLIPKART			SPICES	SAFFRON		1 GMS	OTHER	JIVO	GMS		OTHER	N	N	0
EDOGNPBFT55YKGPR	ExtraVirgin1Ltr-Pomace1Ltr-1Ltr	JIVO EXTRA VIRGIN 1L + POMACE 1+1L	FLIPKART			OLIVE	EXTRA VIRGIN		1+1+1 LTR	PREMIUM	JIVO	LTR	3	OIL	Y	Y	9.875
EDSH4YK7VC4ZCNPU	Jivo Basil Seeds 800gm	BASIL SEEDS 800 GM	FLIPKART	FG0000297	BASIL SEED 800 GMS 1 PCS	SEEDS	BASIL SEEDS	1	800 GMS	OTHER	JIVO	GMS		OTHER	N	N	0
EDOGXYEFERFXP3ZY	Gold 1L	GOLD 1L	FLIPKART	FG0000149	JIVO GOLD 1 LTR 20 PCS	BLENDED	GOLD	20	1 LTR	COMMODITY	JIVO	LTR	1	OIL	Y	Y	6.875
EDSH5YNWYH26YY2G	Jivo_Sunflower_Seeds_200gm	SUNFLOWER SEEDS 200 GM	FLIPKART	FG0000181	SUNFLOWER SEEDS 200 GMS 1 PCS	SEEDS	SUNFLOWER SEEDS	1	200 GMS	OTHER	JIVO	GMS		OTHER	N	N	0
EDOGYJ7SWM6ZCTPX	Jivo Gold oil 1+1+1	GOLD 1+1+1L	FLIPKART			BLENDED	GOLD		1+1+1 LTR	COMMODITY	JIVO	LTR	3	OIL	Y	Y	9.875
QWRGG9SHSXHQYQDK	Canola oil 3L-shopsy	CANOLA 1+1+1L	FLIPKART	FG0000043	COLD PRESS 3 LTR 6 PCS	CANOLA	CANOLA	6	1+1+1 LTR	PREMIUM	JIVO	LTR	3	OIL	Y	Y	9.875
NDFHG8Y2J3UYQGU3	Cardboard_Gift_Box_480g	GIFT BOX 480G	FLIPKART			GIFT PACK	DRY FRUITS		480 GMS	OTHER	JIVO	GMS		OTHER	N	N	0
QWRGEMPHENBFJTME	Canola 5L_Shopsy	CANOLA 5L	FLIPKART	FG0000004	COLD PRESS 5 LTR 4 PCS	CANOLA	CANOLA	4	5 LTR	PREMIUM	JIVO	LTR	5	OIL	Y	Y	73.875
EDOGW6R828YYA8XA	Groudnut 5+1L	GROUNDNUT 5+1L	FLIPKART			GROUNDNUT	GROUNDNUT		5+1 LTR	PREMIUM	JIVO	LTR	6	OIL	Y	Y	80.75
EDOHEZD5SJDQAYZA	Jivo_Groundnut_Oil_5L	GROUNDNUT 5L	FLIPKART	FG0000143	COLD PRESS GROUNDNUT OIL 5 LTR 4 PCS	GROUNDNUT	GROUNDNUT	4	5 LTR	PREMIUM	JIVO	LTR	5	OIL	Y	Y	73.875
SCMH4H8HZJ8AHQ9G	Black-Cardamom100g	BLACK CARDAMOM 100G	FLIPKART	FG0000195	SPICES BLACK CARDAMOM 100 GMS	SPICES	BLACK CARDAMOM		100 GMS	OTHER	JIVO	GMS		OTHER	N	N	0
EDOHYRPTDVEZVZ8E	New_Pomace 1L-Local	JIVO POMACE 1L	FLIPKART	FG0000028	POMACE OLIVE 1 LTR 16 PCS	OLIVE	JIVO POMACE	16	1 LTR	PREMIUM	JIVO	LTR	1	OIL	Y	Y	6.875
NDFHG8Y5CFM292RK	Cardboard_Gift_Box_240g	GIFT BOX 240G	FLIPKART			GIFT PACK	DRY FRUITS		240 GMS	OTHER	JIVO	GMS		OTHER	N	N	0
GHEHYGKVZRBKDK9U	Desi ghee 500g pack of 2	DESI GHEE 1KG 2PCS	FLIPKART	FG0000223	JIVO DESI GHEE 1 LTR 16 PCS	GHEE	DESI GHEE	16	1 LTR	PREMIUM	JIVO	LTR	1	OIL	Y	Y	6.875
QWRGEMQWQCHJBZHF	Pomace 1L_Shopsy	POMACE 1L	FLIPKART			OLIVE	JIVO POMACE		1 LTR	PREMIUM	JIVO	LTR	1	OIL	Y	Y	6.875
IOMH8YGZUHV8DFBW	Shopshy_Ghee_1Kg	DESI GHEE 1KG	FLIPKART			GHEE	DESI GHEE		1 LTR	PREMIUM	JIVO	LTR	1	OIL	Y	Y	6.875
EDOGDUZ8ZFFEGURG	Extra Light 1L+ Extra Virgin 1L	EXTRA LIGHT 1L+EXTRA VIRGIN 1L	FLIPKART			OLIVE	EXTRA VIRGIN		1+1 LTR	PREMIUM	JIVO	LTR	2	OIL	Y	Y	7.875
EDOHYRRPJ3H7NHHN	New_Pomace olive oil 1+1L-Local	JIVO POMACE 1+1L	FLIPKART			OLIVE	JIVO POMACE		1+1 LTR	PREMIUM	JIVO	LTR	2	OIL	Y	Y	7.875
EDOGHPHPXJANVVRV	FL-Mustard-5+1L	MUSTARD 5L+1L	FLIPKART			MUSTARD	MUSTARD KACCHI GHANI		5+1 LTR	COMMODITY	JIVO	LTR	6	OIL	Y	Y	80.75
EDOHHXABMQ3JVFSR	Jivo_Canola_Oil_5+1L	CANOLA 5+1L	FLIPKART	SL0000243	CANOLA 5 LTR +1 LTR	CANOLA	CANOLA		5+1 LTR	PREMIUM	JIVO	LTR	6	OIL	Y	Y	80.75
EDOHHX9RDSSJGYGG	Jivo_Canola_Oil_5L	CANOLA 5L	FLIPKART	FG0000118	CANOLA OIL 5 LTR 4 PCS	CANOLA	CANOLA		5 LTR	PREMIUM	JIVO	LTR	5	OIL	Y	Y	73.875
EDOHHXANUW9SHPPJ	Jivo Canola Oil 4+1L	CANOLA 4+1L	FLIPKART			CANOLA	CANOLA		4+1 LTR	PREMIUM	JIVO	LTR	5	OIL	Y	Y	30.25
EDOGNM2PZPHPHYKB	Canola2Ltr-Pomace1ltr	POMACE 1L+CANOLA 1+1L	FLIPKART			CANOLA	CANOLA		1+1+1 LTR	PREMIUM	JIVO	LTR	3	OIL	Y	Y	9.875
EDOHYSH9GAYZHJG6	New_Extra Light 5L-Local	EXTRA LIGHT 5L	FLIPKART			OLIVE	EXTRA LIGHT		5 LTR	PREMIUM	JIVO	LTR	5	OIL	Y	Y	26.875
EDOHAGDYVQWT6GNG	Sano_Classic_5L	SANO_CLASSIC 5L	FLIPKART			OLIVE	CLASSIC		5 LTR	PREMIUM	SANO	LTR	5	OIL	Y	Y	73.875
EDOHDGCREHEZ8KPZ	Jivo_First_Prssed_Sesame_Oil_1L	SESAME OIL 1L	FLIPKART			SESAME OIL	SESAME OIL		1 LTR	PREMIUM	JIVO	LTR	1	OIL	Y	Y	6.875
EDOGDVFWGPRVTTMS	Sunflower Oil 5L	SUNFLOWER OIL 5L	FLIPKART			SUNFLOWER	SUNFLOWER OIL		5 LTR	COMMODITY	JIVO	LTR	5	OIL	Y	Y	73.875
EDOHHZBQB9P4Z6WM	Jivo_Cold_Pressed_Canola_Oil_5+1L	CANOLA 5+1L	FLIPKART			CANOLA	CANOLA		5+1 LTR	PREMIUM	JIVO	LTR	6	OIL	Y	Y	80.75
HNYGQTNABYZXTF6E	Sano_honey_500g	HONEY 500G	FLIPKART			HONEY	HONEY		500 GMS	OTHER	SANO	GMS		OTHER	N	N	0
EDOGHZSEBQYYA6ZW	FL-Sunflower 1+1+1	SUNFLOWER OIL 1L+1L+1L	FLIPKART			SUNFLOWER	SUNFLOWER OIL		1+1+1 LTR	COMMODITY	JIVO	LTR	3	OIL	Y	Y	9.875
GHEHHZBQJBNVZGGQ	Jivo_A2_Ghee_500ml	A2 GHEE 500G	FLIPKART	FG0000082	DESI GHEE A2 500 MLS 16 PCS	GHEE	A2 GHEE		500 MLS	PREMIUM	JIVO	MLS	0.5	OIL	Y	Y	6.875
EDOGJMUGKPPFMTAM	FL-Canola1L+pomace1L	POMACE 1L+CANOLA 1L	FLIPKART			OLIVE	JIVO POMACE		1+1 LTR	PREMIUM	JIVO	LTR	2	OIL	Y	Y	7.875
SCMHCKZEKPQWVE5V	Jivo_Clove_100g	CLOVE 100G	FLIPKART			SPICES	JIVO CLOVE		100 GMS	OTHER	JIVO	GMS		OTHER	N	N	0
EDOGHESNHFFUGQB9	FL-Canola1L+Mustard1L	CANOLA 1L+MUSTARD 1L	FLIPKART	SL0000007	CANOLA 1 LTR + MUSTARD 1 LTR	CANOLA	CANOLA		1+1 LTR	PREMIUM	JIVO	LTR	2	OIL	Y	Y	7.875
EDSH5BX4UMFR4XYF	Jiv_ Flax_Seeds_800gm	FLAX SEEDS 800 GM	FLIPKART			SEEDS	FLAX SEED		800 GMS	OTHER	JIVO	GMS		OTHER	N	N	0
EDSH66RRE84EYVHC	Jivo Sunflower Seeds 400gm	SUNFLOWER SEEDS 400GM	FLIPKART			SEEDS	SUNFLOWER SEEDS		400 GMS	OTHER	JIVO	GMS		OTHER	N	N	0
EDSH4YGKPTS5TMSD	J_Chia_Seeds_400gm	CHIA SEEDS 400 GM	FLIPKART			SEEDS	CHIA SEED		400 GMS	OTHER	JIVO	GMS		OTHER	N	N	0
QWRGDYBWXRTGFZFX	Mustard Oil 1L	MUSTARD 1L	FLIPKART			MUSTARD	MUSTARD KACCHI GHANI		1 LTR	COMMODITY	JIVO	LTR	1	OIL	Y	Y	6.875
HNYHYRSYJPMYEGUX	Sano_honey_500g-Local	SANO HONEY 500 GM	FLIPKART			HONEY	HONEY		500 GMS	OTHER	SANO	GMS		OTHER	N	N	0
EDSH5AVGYVMTPZEC	Jivo Pumpkin Seeds 400gm	PUMPKIN SEEDS 400 GM	FLIPKART			SEEDS	PUMPKIN SEED		400 GMS	OTHER	JIVO	GMS		OTHER	N	N	0
EDSH5AVJZCSAN5P3	Jivo Sunflower Seeds 200gm.	SUNFLOWER SEEDS 200 GM	FLIPKART			SEEDS	SUNFLOWER SEEDS		200 GMS	OTHER	JIVO	GMS		OTHER	N	N	0
EDOHYRSHNGG6GDGR	New_FL-Extra Light 2 L-Local	EXTRA LIGHT 2L	FLIPKART			OLIVE	EXTRA LIGHT		2 LTR	PREMIUM	JIVO	LTR	2	OIL	Y	Y	7.875
EDOHYSJ8BZYGCSBU	New_Mustard Oil 2L-Local	JIVO MUSTARD 1+1L	FLIPKART			MUSTARD	MUSTARD KACCHI GHANI		1+1 LTR	COMMODITY	JIVO	LTR	2	OIL	Y	Y	7.875
SCMH4H8NCH2PKYWV	Green Cardamom 100g	GREEN CARDAMOM 100GM	FLIPKART			SPICES	GREEN CARDAMOM		100 GMS	OTHER	JIVO	GMS		OTHER	N	N	0
EDOHYSGGV6BPGCHD	New_Mustard Oil 5L-Local	MUSTARD 5L	FLIPKART			MUSTARD	MUSTARD KACCHI GHANI		5 LTR	COMMODITY	JIVO	LTR	5	OIL	Y	Y	73.875
DAJH8RDQPBHXAAZT	JIVO-Wheatgrass_Mango_3PCS_1500ML	WG MANGO 500 ML 3PCS	FLIPKART			DRINKS	MANGO	3	500 MLS	OTHER	JIVO	LTR		BEVERAGE	Y	N	0
DAJH7VF9GTUFZZ5K	Wheatgrass_Mango_500ML_6PCS	WG MANGO 500 ML 6PCS	FLIPKART			DRINKS	MANGO	6	500 MLS	OTHER	JIVO	LTR		BEVERAGE	Y	N	0
EDSGXE59S7AGKHUG	Chiaseed 400jar	CHIA SEEDS 400 GM	FLIPKART			SEEDS	CHIA SEEDS		400 GMS	OTHER	JIVO	GMS		OTHER	N	N	0
DAJH8Z2ZYB7KHGUF	Zero_Sugar_Mango_500ml_Pack of_3_1.5L	WG MANGO SF 500 ML 3PCS	FLIPKART			DRINKS	MANGO SF	3	500 MLS	OTHER	JIVO	LTR		BEVERAGE	Y	N	0
DAJHCKT6KVUGR3GZ	Wheatgrass_Mango_500ML_3PCS	WG MANGO 500 ML 3PCS	FLIPKART			DRINKS	MANGO	3	500 MLS	OTHER	JIVO	LTR		BEVERAGE	Y	N	0
DAJH7WFGYFTTVJVZ	Wheatgrass_Mango_6PCS	WG MANGO 500 ML 3PCS	FLIPKART			DRINKS	MANGO	6	500 MLS	OTHER	JIVO	LTR		BEVERAGE	Y	N	0
EDOHYRPCTWGRKWKU	New_Extra Light 3L-Local	EXTRA LIGHT 1+1+1L	FLIPKART			OLIVE	EXTRA LIGHT		1+1+1 LTR	PREMIUM	JIVO	LTR	3	OIL	Y	Y	9.875
CFEGMJ5GJE7HD3DQ	Coffee 100g	Coffee 100g	FLIPKART			COFFEE	COFFEE		100 GMS	OTHER	JIVO	GMS		OTHER	N	N	0
ARDHCJMTXHZ5HQDA	Punjabi_Masala_Jeera_160ml_Pack_Of_24	PUNJABI JEERA 160 ML 24 PCS	FLIPKART			DRINKS	PUNJABI JEERA	24	160 MLS	OTHER	JIVO	LTR		BEVERAGE	Y	N	0
SCMH3FHAUZYSNUAB	Cumin100G	CUMIN SEEDS 100GM	FLIPKART			SPICES	CUMIN		100 GMS	OTHER	JIVO	GMS		OTHER	N	N	0
QWRGEMR8V55BHCJK	Pomace 5L_Shopsy	JIVO POMACE 5L	FLIPKART	FG0000008	POMACE OLIVE 5 LTR TIN 4 PCS	OLIVE	JIVO POMACE	4	5 LTR	PREMIUM	JIVO	LTR	5	OIL	Y	Y	26.875
QWRGEMPHENBFJTME	Canola 5L_Shopsy	CANOLA 5L	FLIPKART	FG0000004	COLD PRESS 5 LTR 4 PCS	CANOLA	CANOLA	4	5 LTR	PREMIUM	JIVO	LTR	5	OIL	Y	Y	73.875
QWRGEMQZXAYWVM4M	Mustard Oil 2L_Shopsy	MUSTARD 1+1L	FLIPKART	FG0000038	MUSTARD KACCHI GHANI 2 LTR 10 PCS	MUSTARD	MUSTARD KACCHI GHANI	10	1+1 LTR	COMMODITY	JIVO	LTR	2	OIL	Y	Y	7.875
QWRGEMP5ZQZFEKGJ	Extra Light 5L_Shopsy	EXTRA LIGHT 5L	FLIPKART			OLIVE	EXTRA LIGHT		5 LTR	PREMIUM	JIVO	LTR	5	OIL	Y	Y	26.875
IOMGG4YN5WGXGQCW	A2 Cow Ghee 500ml-shopsy	A2 GHEE 500G	FLIPKART			GHEE	A2 GHEE		500 MLS	PREMIUM	JIVO	LTR	0.5	OIL	Y	Y	6.875
QWRGEMQWQCHJBZHF	Pomace 1L_Shopsy	JIVO POMACE 1L	FLIPKART	FG0000028	POMACE OLIVE 1 LTR 16 PCS	OLIVE	JIVO POMACE	16	1 LTR	PREMIUM	JIVO	LTR	1	OIL	Y	Y	6.875
IOMGG4YWHHYW3Z6Y	A2 Cow Ghee 1kg-shopsy	A2 GHEE 1KG	FLIPKART	FG0000083	DESI GHEE A2 1 LTR 9 PCS	GHEE	A2 GHEE	9	1 LTR	PREMIUM	JIVO	LTR	1	OIL	Y	Y	6.875
QWRGEMPJJGDRYACC	Extra Light 3L_Shopsy	EXTRA LIGHT 1+1+1L	FLIPKART	FG0000310	EXTRA LIGHT 1 LTR PACK OF 3 SET	OLIVE	EXTRA LIGHT	3	1+1+1 LTR	PREMIUM	JIVO	LTR	3	OIL	Y	Y	9.875
QWRGGDFMZKGBZZYG	light-virgin-pomace-3L-shopsy	EXTRA LIGHT 1L+EXTRA VIRGIN 1L+POMACE 1L	FLIPKART			OLIVE	EXTRA VIRGIN		1+1+1 LTR	PREMIUM	JIVO	LTR	3	OIL	Y	Y	9.875
QWRGEMNNHGGYUYF4	Extra Light 1L+ Extra Virgin 1L_Shopsy	Extra Light 1L+ Extra Virgin 1L	FLIPKART			OLIVE	EXTRA VIRGIN		1+1 LTR	PREMIUM	JIVO	LTR	2	OIL	Y	Y	7.875
QWRGEMRYNAG8T2FV	Pomace olive oil 1+1+1L_Shopsy	JIVO POMACE olive oil 1+1+1L	FLIPKART			OLIVE	JIVO POMACE		1+1+1 LTR	PREMIUM	JIVO	LTR	3	OIL	Y	Y	9.875
QWRGGC46UKQKVCES	Extra light 1+1L-shopsy	EXTRA LIGHT 1+1L	FLIPKART			OLIVE	EXTRA LIGHT		1+1 LTR	PREMIUM	JIVO	LTR	2	OIL	Y	Y	7.875
QWRGEMQRYJBYZFUH	Extra Virgin 1L_Shopsy	EXTRA VIRGIN 1L	FLIPKART			OLIVE	EXTRA VIRGIN		1 LTR	PREMIUM	JIVO	LTR	1	OIL	Y	Y	6.875
QWRGGMFGPMTG7FGK	Extra Light 1L+Pomace 1L-shopsy	EXTRA LIGHT 1L+POMACE 1L	FLIPKART			OLIVE	EXTRA LIGHT		1+1 LTR	PREMIUM	JIVO	LTR	2	OIL	Y	Y	7.875
QWRGEMRYGPGCDNKK	Mustard Oil 5L_Shopsy	MUSTARD 5L	FLIPKART			MUSTARD	MUSTARD KACCHI GHANI		5 LTR	COMMODITY	JIVO	LTR	5	OIL	Y	Y	73.875
QWRGGC3SVFXSKZ94	Extra Light 1L-shopsy	EXTRA LIGHT 1L	FLIPKART			OLIVE	EXTRA LIGHT		1 LTR	PREMIUM	JIVO	LTR	1	OIL	Y	Y	6.875
QWRGJNNV7XXV6HUS	Canola1L+pomace1L-shopsy	CANOLA 1L + POMACE 1L	FLIPKART			OLIVE	JIVO POMACE		1+1 LTR	PREMIUM	JIVO	LTR	2	OIL	Y	Y	7.875
QWRGGBUHZJQZWJZE	Canola-virgin-mustard-3pc-shopsy	CANOLA+EXTRA VIRGIN+MUSTARD 1L	FLIPKART			OLIVE	EXTRA VIRGIN		1+1+1 LTR	PREMIUM	JIVO	LTR	3	OIL	Y	Y	9.875
QWRGG9XWMEQQPM89	Canola 1L+Extra Light 1L-shopsy	Canola 1L+Extra Light 1L	FLIPKART			OLIVE	EXTRA LIGHT		1+1 LTR	PREMIUM	JIVO	LTR	2	OIL	Y	Y	7.875
QWRGJFZ8M4EGGS5F	Canola1L+Soyabean1L+Mustard1L-shopsy	Canola1L+Soyabean1L+Mustard1L	FLIPKART	SL0000212	CANOLA 1 LTR+ SOYABEAN 1 LTR + MUSTARD 1 LTR	CANOLA	CANOLA		1+1+1 LTR	PREMIUM	JIVO	LTR	3	OIL	Y	Y	9.875
QWRGEMP4TVBHRUE3	Canola 1+1L_Shopsy	Canola 1+1L	FLIPKART	FG0000123	CANOLA OIL 1 LTR + 1 LTR COMBO 10 SET	CANOLA	CANOLA		1+1 LTR	PREMIUM	JIVO	LTR	2	OIL	Y	Y	7.875
QWRGEMZP8USGKNSY	Canola 1L_Shopsy	Canola 1+1L	FLIPKART	FG0000125	CANOLA OIL 1 LTR + 1 LTR COMBO 10 SET PLAIN	CANOLA	CANOLA		1+1 LTR	PREMIUM	JIVO	LTR	2	OIL	Y	Y	7.875
QWRGEMP99M44YSHA	Mustard 1L+Extra Light 1L_Shopsy	Mustard 1L+Extra Light 1L	FLIPKART			OLIVE	EXTRA LIGHT		1+1 LTR	PREMIUM	JIVO	LTR	2	OIL	Y	Y	7.875
QWRGG9UACYSCUXK9	Canola1L+Mustard1L-shopsy	Canola1L+Mustard1L	FLIPKART	SL0000007	CANOLA 1 LTR + MUSTARD 1 LTR	CANOLA	CANOLA		1+1 LTR	PREMIUM	JIVO	LTR	2	OIL	Y	Y	7.875
QWRGEMNS9ZPZGWJH	Extra Virgin 1+1L_Shopsy	Extra Virgin 1+1L	FLIPKART			OLIVE	EXTRA VIRGIN		1+1 LTR	PREMIUM	JIVO	LTR	2	OIL	Y	Y	7.875
QWRGEMZZBATNNPZD	Extra Virgin 5L_Shopsy	Extra Virgin 5L	FLIPKART			OLIVE	EXTRA VIRGIN		5 LTR	PREMIUM	JIVO	LTR	5	OIL	Y	Y	26.875
QWRGGAZJH2PABKMH	Canola 1+1L-shopsy	Canola 1+1L	FLIPKART	FG0000123	CANOLA OIL 1 LTR + 1 LTR COMBO 10 SET	CANOLA	CANOLA		1+1 LTR	PREMIUM	JIVO	LTR	2	OIL	Y	Y	7.875
QWRGGC2FH324F4EF	Pomace5L+2L-shopsy	JIVO POMACE 5L+2L	FLIPKART			OLIVE	JIVO POMACE		5+2 LTR	PREMIUM	JIVO	LTR	7	OIL	Y	Y	81.75
QWRGEMNWTAGVDDNS	Extra Light 1L+Pomace 1L	EXTRA LIGHT 1L + JIVO POMACE 1L	FLIPKART			OLIVE	EXTRA LIGHT		1+1 LTR	PREMIUM	JIVO	LTR	2	OIL	Y	Y	7.875
EDOGGP4FSQVM2ERR	SOYA001 +Pack of 3	SOYABEAN 1L 3PCS	FLIPKART			SOYABEAN	SOYABEAN		1+1+1 LTR	COMMODITY	JIVO	LTR	3	OIL	Y	Y	9.875
EDOHYSCZHPAA3JDH	New_Sunflower Oil 5L-Local	SUNFLOWER OIL 5L	FLIPKART			SUNFLOWER	SUNFLOWER OIL		5 LTR	COMMODITY	JIVO	LTR	5	OIL	Y	Y	73.875
EDOGE62ESBTMBRGF	Sunflower 2L	SUNFLOWER OIL 2L	FLIPKART			SUNFLOWER OIL	SUNFLOWER OIL		2 LTR	COMMODITY	JIVO	LTR	2	OIL	Y	Y	7.875
EDOGW3HGUQBAHNCB	Sano Canola -1L (1+1)	SANO CANOLA 2L	FLIPKART			CANOLA	CANOLA		2 LTR	PREMIUM	SANO	LTR	2	OIL	Y	Y	7.875
QWRGGY7GHFUEFHEY	Soyabean5L+Extra Light2LCan-shopsy	EXTRA LIGHT 2L + SOYABEAN 5L	FLIPKART			OLIVE	EXTRA LIGHT		5+2 LTR	PREMIUM	JIVO	LTR	7	OIL	Y	Y	81.75
EDOGHZRXZGAKYAEF	FL-Extra Light 5L+1L	EXTRA LIGHT 5L+1L	FLIPKART			OLIVE	EXTRA LIGHT		5+1 LTR	PREMIUM	JIVO	LTR	6	OIL	Y	Y	80.75
EDOGNKQ6EFDAV9HU	Canola oil 5 (Pack of 2)	CANOLA 5L	FLIPKART	SL0000018	CANOLA 5 LTR PACK OF 2	CANOLA	CANOLA	2	5 LTR	PREMIUM	JIVO	LTR	10	OIL	Y	Y	37.43
EDOGWGZ7TQ6ZZT3H	Jivo Extra Virgin Olive oil 500ml	EXTRA VIRGIN 500ML	FLIPKART			OLIVE	EXTRA VIRGIN		500 MLS	PREMIUM	JIVO	LTR	0.5	OIL	Y	Y	6.875
EDOGFGRSGCW6XTFE	canola-mustard-sunflower-15L	CANOLA 5L + MUSTARD 5L + SUNFLOWER 5L	FLIPKART			CANOLA	CANOLA		15 LTR	PREMIUM	JIVO	LTR	15	OIL	Y	Y	0
GHEH6B93ZB66SEKQ	Jivo Desi Ghee 1Kg(900G)	DESI GHEE 1KG	FLIPKART	FG0000223	JIVO DESI GHEE 1 LTR 16 PCS	GHEE	DESI GHEE		1 LTR	PREMIUM	JIVO	LTR	1	OIL	Y	Y	6.875
EDOGNQ925UAAY6FT	Pomace5Ltr-ExtraVirgin1Ltr	JIVO POMACE 5LTR + EXTRA VIRGIN 1L	FLIPKART			OLIVE	EXTRA VIRGIN		5+1 LTR	PREMIUM	JIVO	LTR	6	OIL	Y	Y	80.75
HNYGQTUW5DB6RXQD	Sano_honey_1KG	SANO HONEY 1KG	FLIPKART			HONEY	HONEY		1 KG	OTHER	SANO	KG		OTHER	N	N	0
RICGE89BUEDDA5U7	Basmati Rice 1kg	RICE 1KG	FLIPKART			RICE	RICE		1 KG	OTHER	JIVO	KG		OTHER	N	N	0
EDOGK4CHWKAHJQHB	Soyabean5+5L	SOYABEAN 5L+5L	FLIPKART			SOYABEAN	SOYABEAN		5+5 LTR	COMMODITY	JIVO	LTR	10	OIL	Y	Y	37.43
HNYHYRSBGKZHHFDZ	New_Sano_honey_1KG-Local	SANO HONEY 1KG	FLIPKART			HONEY	HONEY		1 KG	OTHER	SANO	KG		OTHER	N	N	0
EDOGNZ8KGNW9GGWV	Pomace1Ltr-Canola5Ltr-Pomace1Ltr	CANOLA 5L + JIVO POMACE 1L + JIVO POMACE 1L	FLIPKART			CANOLA	CANOLA		5+1+1 LTR	PREMIUM	JIVO	LTR	7	OIL	Y	Y	81.75
EDOGDUQJHA3RR8HA	Canola Oil 5L+Sunflower Oil 5L	CANOLA 5L + SUNFLOWER OIL 5L	FLIPKART			CANOLA	CANOLA		5+5 LTR	PREMIUM	JIVO	LTR	10	OIL	Y	Y	37.43
EDOGDUXZS7YRKEJY	Sunflower 5L+Mustard 5L	MUSTARD 5L + SUNFLOWER 5L	FLIPKART			MUSTARD	MUSTARD KACCHI GHANI		5+5 LTR	COMMODITY	JIVO	LTR	10	OIL	Y	Y	37.43
EDSH5AVCXWVGYCYT	Jivo Pumpkin Seeds 200gm	PUMPKIN SEEDS 200 GM	FLIPKART			SEEDS	Seeds		200 GMS	OTHER	JIVO	LTR		OTHER	Y	Y	0
EDOGHFUCDKHMHQY7	FL-Canola 5L+Pomace 1L	CANOLA 5L + JIVO POMACE 1L	FLIPKART			CANOLA	CANOLA		5+1 LTR	PREMIUM	JIVO	LTR	6	OIL	Y	Y	80.75
EDOGJNM6JHJDSGMP	FL-Mustard 5L+Canola 1L	Mustard 5L+Canola 1L	FLIPKART			MUSTARD	MUSTARD KACCHI GHANI		5+1 LTR	COMMODITY	JIVO	LTR	6	OIL	Y	Y	80.75
EDOGHGSMHA6KUJTG	FL-Mustard5L+Sunflower1L	Mustard5L+Sunflower1L	FLIPKART			MUSTARD	MUSTARD KACCHI GHANI		5+1 LTR	COMMODITY	JIVO	LTR	6	OIL	Y	Y	80.75
QWRGGAV6QASFQUKF	Canola 1L-shopsy	CANOLA 1L	FLIPKART			CANOLA	CANOLA		1 LTR	PREMIUM	JIVO	LTR	1	OIL	Y	Y	6.875
EDOGRRXUHZZHZ2WZ	sano pomace 1L	SANO POMACE 1L	FLIPKART			OLIVE	SANO POMACE		1 LTR	PREMIUM	SANO	LTR	1	OIL	Y	Y	6.875
EDOGGX6SQXCZKD2Y	FL-Canola5L+Soyabean1L	CANOLA 5L+ SOYABEAN 1L	FLIPKART	SL0000213	CANOLA 5 LTR+ SOYABEAN 1 LTR	CANOLA	CANOLA		5+1 LTR	PREMIUM	JIVO	LTR	6	OIL	Y	Y	80.75
EDOHYVZSYQPYYEYH	New_Canola 5L-Local	CANOLA 5L	FLIPKART	FG0000118	CANOLA OIL 5 LTR 4 PCS	CANOLA	CANOLA		5 LTR	PREMIUM	JIVO	LTR	5	OIL	Y	Y	73.875
BOTHYVRWUHGTZFHY	JIVO-INFI-FLIP-PRO-1000	FLIP PRO 1000	FLIPKART			FlipPRo	FlipPRo			OTHER	JIVO	MLS		MLS	N	N	0
EDOGDVFKPNBPFKAU	Sunflower Oil 1L	SUNFLOWER OIL 1L	FLIPKART			SUNFLOWER OIL	SUNFLOWER OIL		1 LTR	COMMODITY	JIVO	LTR	1	OIL	Y	Y	6.875
EDOHYRG4UMJFF2YE	New_Canola 5L-Loc	CANOLA 5L	FLIPKART	FG0000118	CANOLA OIL 5 LTR 4 PCS	CANOLA	CANOLA		5 LTR	PREMIUM	JIVO	LTR	5	OIL	Y	Y	73.875
QWRGGGJ6QXTBCSHY	FL-Sunflower 1+1+1-Shopsy	SUNFLOWER OIL 1L+1L+1L	FLIPKART			SUNFLOWER OIL	SUNFLOWER OIL		1+1+1 LTR	COMMODITY	JIVO	LTR	3	OIL	Y	Y	9.875
EDOGDURNCQZQ2YEW	Canola 5L+Mustard 5L	CANOLA 5L + MUSTARD 5L	FLIPKART			CANOLA	CANOLA		5+5 LTR	PREMIUM	JIVO	LTR	10	OIL	Y	Y	37.43
EDOGVEF33GYXKHEW	classic olive 1L	SANO CLASSIC 1L	FLIPKART			OLIVE	EXTRA LIGHT		1 LTR	PREMIUM	SANO	LTR	1	OIL	Y	Y	6.875
RICGFF68XXVEBZW5	Basmati Rice-5Kg-P5	RICE 5KG	FLIPKART			Rice	Rice		5 KG	OTHER	JIVO	KG		OTHER	N	N	0
EDOGHPMWKQTKU5RT	FL-Mustard 1L + Rice 1Kg	MUSTARD 1L + RICE 1KG	FLIPKART			MUSTARD	MUSTARD KACCHI GHANI		1 LTR	COMMODITY	JIVO	LTR	1	OIL	Y	Y	6.875
EDOGYJTPRV6H6WGY	Jivo Gold oil 5+1	GOLD 5L+1L	FLIPKART			BLENDED	GOLD		5+1 LTR	COMMODITY	JIVO	LTR	6	OIL	Y	Y	80.75
EDOGDUQXXQ8JQFBW	Canola 5L+Pomace 5L	CANOLA 5L + JIVO POMACE 5L	FLIPKART			OLIVE	JIVO POMACE		5+ 5 LTR	PREMIUM	JIVO	LTR	10	OIL	Y	Y	37.43
EDOGGY5KCR8S7SHK	FL-Canola1L+Soyabean1L+Mustard1L	CANOLA 1L+SOYABEAN 1L+MUSTARD 1L	FLIPKART	SL0000212	CANOLA 1 LTR+ SOYABEAN 1 LTR + MUSTARD 1 LTR	CANOLA	CANOLA		1+1+1 LTR	PREMIUM	JIVO	LTR	3	OIL	Y	Y	9.875
EDOGHFPZBXAAMHAK	FL-EX Light 5+2L	EXTRA LIGHT 5+2L	FLIPKART			OLIVE	EXTRA LIGHT		5+2 LTR	PREMIUM	JIVO	LTR	7	OIL	Y	Y	81.75
QWRGGDFAHFUEQCUC	Sunflower 5L+Mustard 5L-shopsy	SUNFLOWER 5L + MUSTARD 5L	FLIPKART			MUSTARD	MUSTARD KACCHI GHANI		5+5 LTR	COMMODITY	JIVO	LTR	10	OIL	Y	Y	37.43
QWRGGD86E5FYT9G3	Sunflower Oil 1L-shopsy	SUNFLOWER OIL 1L	FLIPKART			SUNFLOWER OIL	SUNFLOWER OIL		1 LTR	COMMODITY	JIVO	LTR	1	OIL	Y	Y	6.875
EDOGQUTFK86EUTJC	Sano Sunflower 1L + Sunflower 5 L	SANO SUNFLOWER OIL 1L + SUNFLOWER OIL 1L	FLIPKART			SUNFLOWER OIL	SUNFLOWER OIL		1+1 LTR	COMMODITY	SANO	LTR	2	OIL	Y	Y	7.875
QWRGEMQJ8TQRHASY	Pomace olive oil 1+1L_Shopsy	JIVO POMACE 1+1L	FLIPKART			OLIVE	JIVO POMACE		1+1 LTR	PREMIUM	JIVO	LTR	2	OIL	Y	Y	7.875
QWRGGGJJ8CEDEYWS	Mustard-5+1L-shopsy	MUSTARD 5L + 1L	FLIPKART			MUSTARD	MUSTARD KACCHI GHANI		5+1 LTR	COMMODITY	JIVO	LTR	6	OIL	Y	Y	80.75
EDOGGX8C5QAD2MPP	FL-Canola5L+Soyabean5L	CANOLA 5L + SOYABEAN 5L	FLIPKART	SL0000016	CANOLA 5 LTR + SOYABEAN 5 LTR	CANOLA	CANOLA		5+5 LTR	PREMIUM	JIVO	LTR	10	OIL	Y	Y	37.43
QWRGG9RGWHCZHB5M	Canola 5L+ Mustard 1L-shopsy	CANOLA 5L + MUSTARD 1L	FLIPKART			CANOLA	CANOLA		5+1 LTR	PREMIUM	JIVO	LTR	6	OIL	Y	Y	80.75
EDOGQUTHDNWRMZXE	Sano Soyabean 1L+ Soyabean 1 L	SANO SOYABEAN 1L + SOYABEAN 1L	FLIPKART			SOYABEAN	SOYABEAN		1+1 LTR	COMMODITY	SANO	LTR	2	OIL	Y	Y	7.875
EDOGHFUUUVNJ64PC	FL-Canola 5L+ Mustard 1L	CANOLA 5L + MUSTARD 1L	FLIPKART			CANOLA	CANOLA		5+1 LTR	PREMIUM	JIVO	LTR	6	OIL	Y	Y	80.75
DAJH7UWV7CNCHSJB	WheatGrass_Blueberry_Juice_6PCS	WG BLUEBERRY JUICE 200 ML X 6PCS	FLIPKART			DRINKS	BLUEBERRY	6	200 MLS	OTHER	JIVO	LTR		BEVERAGE	Y	N	0
CRLHYEWUPR4DRZZD	JIVO-INFI-CASSEROLE-2200	CASSEROLE 2200	FLIPKART			Casserole	Casserole			OTHER	JIVO	LTR		OIL	Y	Y	0
QWRGEMRSPZ98QRUZ	Sunflower Oil 5L_Shopsy	SUNFLOWER OIL 5L	FLIPKART			SUNFLOWER	SUNFLOWER OIL		5 LTR	COMMODITY	JIVO	LTR	5	OIL	Y	Y	73.875
EDOGGXAECQMQBMYG	FL-Pomace5L+1L	JIVO POMACE 5+1L	FLIPKART			OLIVE	JIVO POMACE		5+1 LTR	PREMIUM	JIVO	LTR	6	OIL	Y	Y	80.75
QWRGEMRRZ73UUWHA	Canola 5L+Mustard 5L_Shopsy	CANOLA 5L + MUSTARD 5L	FLIPKART			CANOLA	CANOLA		5+5 LTR	PREMIUM	JIVO	LTR	10	OIL	Y	Y	37.43
EDOGW3GWC36PHWKY	Sano Canola 5L	SANO CANOLA 5L	FLIPKART	FG0000135	SANO CANOLA OIL 5 LTR 4 PCS	CANOLA	CANOLA		5 LTR	PREMIUM	SANO	LTR	5	OIL	Y	Y	73.875
EDOGWGZGCC8YG5PZ	coconutoil 500G	COCONUT OIL 500GM	FLIPKART			COCONUT	COCONUT	24	500 GMS	PREMIUM	JIVO	LTR	0.5	OIL	Y	Y	6.875
QWRGGAU3AQ7DEAUZ	Canola 5L-shopsy	CANOLA 5L	FLIPKART	FG0000118	CANOLA OIL 5 LTR 4 PCS	CANOLA	CANOLA		5 LTR	PREMIUM	JIVO	LTR	5	OIL	Y	Y	73.875
EDOGHFVGKYEQ89YB	FL-Extra Light 5L+ Pomace 1L	EXTRA LIGHT 5L + JIVO POMACE 1L	FLIPKART			OLIVE	EXTRA LIGHT		5+1 LTR	PREMIUM	JIVO	LTR	6	OIL	Y	Y	80.75
QWRGGCYFGYGWYS6Y	EX Light 5+2L-shopsy	EXTRA LIGHT 5L + 2L	FLIPKART			OLIVE	EXTRA LIGHT		5+2 LTR	PREMIUM	JIVO	LTR	7	OIL	Y	Y	81.75
EDOGGY4VUGZCEPUJ	FL-Canola1L+Soyabean1L+Sunflower1L	CANOLA 1L + SOYABEAN 1L + SUNFLOWER 1L	FLIPKART			CANOLA	CANOLA		1+1+1 LTR	PREMIUM	JIVO	LTR	3	OIL	Y	Y	9.875
EDOGGGHNUYZ8VYYV	FL-Canola5L+Extra Virgin1L	CANOLA 5L + EXTRA VIRGIN 1L	FLIPKART			CANOLA	CANOLA		5+1 LTR	PREMIUM	JIVO	LTR	6	OIL	Y	Y	80.75
EDOGE5W95B7XQFW7	Canola 5L + Extra Light 1L	CANOLA 5L + EXTRA LIGHT 1L	FLIPKART			CANOLA	CANOLA		5+1 LTR	PREMIUM	JIVO	LTR	6	OIL	Y	Y	80.75
EDOH9PHGZG9H4GVT	JIvo_Mustard_5L	MUSTARD 5L	FLIPKART			MUSTARD	MUSTARD KACCHI GHANI		5 LTR	COMMODITY	JIVO	LTR	5	OIL	Y	Y	73.875
EDOH9NGHQF5SJXJG	Jivo_5L_Mustard_with_apture_flask	MUSTARD 5L	FLIPKART			MUSTARD	MUSTARD KACCHI GHANI		5 LTR	COMMODITY	JIVO	LTR	5	OIL	Y	Y	73.875
EDOH9N9SAN3YEG7B	Jivo_Canola_5L_with_pro_lunch_box	CANOLA 5L	FLIPKART			CANOLA	CANOLA		5 LTR	PREMIUM	JIVO	LTR	5	OIL	Y	Y	73.875
EDOGVH5WWCXQNJHF	sano canola 1L	SANO CANOLA 1L	FLIPKART			CANOLA	CANOLA		1 LTR	PREMIUM	SANO	LTR	1	OIL	Y	Y	6.875
EDOGQWU2JYAZCGZM	Sano_Sunflower_1L	SANO SUNFLOWER 1L	FLIPKART			SUNFLOWER OIL	SUNFLOWER OIL		1 LTR	COMMODITY	SANO	LTR	1	OIL	Y	Y	6.875
EDOGFGPZPBHGYPTM	Canola-virgin-mustard-3pc	CANOLA 1L+ EXTRA VIRGIN 1L + MUSTARD 1L	FLIPKART			OLIVE	EXTRA VIRGIN		1+1+1 LTR	PREMIUM	JIVO	LTR	3	OIL	Y	Y	9.875
EDOGGX7RKBB4BHQD	FL-Soyabean5L+Canola1L	SOYABEAN 5L CANOLA 5L	FLIPKART			CANOLA	CANOLA		5+5 LTR	PREMIUM	JIVO	LTR	10	OIL	Y	Y	37.43
EDOH9NDEPYZHGAHF	Jivo_Groundnut_5L_With_Pro_lunch_box	GROUNDNUT 5L	FLIPKART			GROUNDNUT	GROUNDNUT		5 LTR	PREMIUM	JIVO	LTR	5	OIL	Y	Y	73.875
QWRGGBFMFWGWUWTJ	Canola 5+2L-shopsy	CANOLA 5L + 2L	FLIPKART			CANOLA	CANOLA		5+2 LTR	PREMIUM	JIVO	LTR	7	OIL	Y	Y	81.75
EDOGQURQAFV8PPCT	Sano Sunflower 1L + Sunflower 1 L	SANO SUNFLOWER 1L + SUNFLOWER OIL1L	FLIPKART			SUNFLOWER OIL	SUNFLOWER OIL		1+1 LTR	COMMODITY	SANO	LTR	2	OIL	Y	Y	7.875
QWRGJFNWTAGPZCZU	Soyabean 5L+Mustard1L-shopsy	SOYABEAN 5L + MUSTARD 1L	FLIPKART			SOYABEAN	SOYABEAN		5+1 LTR	COMMODITY	JIVO	LTR	6	OIL	Y	Y	80.75
QWRGEMP4HBFD4GF3	Sunflower Oil 1L_Shopsy	SUNFLOWER 1L	FLIPKART			SUNFLOWER OIL	SUNFLOWER OIL		1 LTR	COMMODITY	JIVO	LTR	1	OIL	Y	Y	6.875
QWRGG9TZKURYBFRC	Pomace5+1L canola-shopsy	JIVO POMACE 5L+1L	FLIPKART			OLIVE	JIVO POMACE		5+1 LTR	PREMIUM	JIVO	LTR	6	OIL	Y	Y	80.75
EDOH9NGFHTHZFZHJ	Jivo_5L-Gold_with_Pro_lunchbox	GOLD 5L	FLIPKART			BLENDED	GOLD		5 LTR	COMMODITY	JIVO	LTR	5	OIL	Y	Y	73.875
EDOH9NFPGNJDSFPN	Jivo_Sunflower_5L_With_elegance_Bottel	SUNFLOWER OIL 5L	FLIPKART			SUNFLOWER	SUNFLOWER OIL		5 LTR	COMMODITY	JIVO	LTR	5	OIL	Y	Y	73.875
QWRGJZQHMWA2GGHT	Mustard 5L+Canola 1L-shopsy	MUSTARD 5L + CANOLA 1L	FLIPKART			MUSTARD	MUSTARD KACCHI GHANI		5+1 LTR	COMMODITY	JIVO	LTR	6	OIL	Y	Y	80.75
CRLHYFF2NSZHWVHQ	JIVO-INFI-CASSEROLE-3200	CASSEROLE 3200	FLIPKART			Casserole	Casserole			OTHER	JIVO	LTR		OIL	Y	Y	0
LBXHYVP3GUHJJZGT	JIVO-INFI-LUNCH-BOX-PRO	LUNCH BOX	FLIPKART			LUNCH BOX	LUNCH BOX			OTHER	JIVO	LTR		OIL	Y	Y	0
EDOGJMU9YVVG3GZY	FL-Pomace 5L+Extra Light 2L Can	JIVO POMACE 5L + EXTRA LIGHT 2L	FLIPKART			OLIVE	EXTRA LIGHT		5+2 LTR	PREMIUM	JIVO	LTR	7	OIL	Y	Y	81.75
EDOGHGRTGFEKGQHF	FL-Canola-Mustard-Sunflower-3L	CANOLA 1L + MUSTARD 1L + SUNFLOWER 1L	FLIPKART			CANOLA	CANOLA		1+1+1 LTR	PREMIUM	JIVO	LTR	3	OIL	Y	Y	9.875
EDOH9NJEUZWKJWCX	Jivo_5L_Rice_Bran_with_elegance_water_bottle	RICE BRAN 5L	FLIPKART			RICE BRAN	RICE BRAN		5 LTR	COMMODITY	JIVO	LTR	5	OIL	Y	Y	73.875
EDOGDVWYGJNDYRQP	Mustard Oil 1 Ltr	MUSTARD 1L	FLIPKART			MUSTARD	MUSTARD KACCHI GHANI		1 LTR	COMMODITY	JIVO	LTR	1	OIL	Y	Y	6.875
EDOGW5P5G27GCYPP	Sano Canola -1L-(1+1+1)	SANO CANOLA 1+1+1	FLIPKART			CANOLA	CANOLA		1+1+1 LTR	PREMIUM	SANO	LTR	3	OIL	Y	Y	9.875
GHEGEUGZHGHGF5XH	A2 Cow Ghee 500ml	A2 GHEE 500 KG	FLIPKART	FG0000082	DESI GHEE A2 500 MLS 16 PCS	GHEE	A2 GHEE		500 MLS	PREMIUM	JIVO	LTR	0.5	OIL	Y	Y	6.875
BOTGZ9ZPVHFX8YYG	JIVO Infinite Flip Pro Jizbag Black	FLIP PRO	FLIPKART			FlipPRo	FlipPRo			OTHER	JIVO	LTR		OTHER	N	N	0
DAJH7WYZHZAYAKGN	WheatGrass_Apple_6PCS	WG APPLE JUICE 200ML X 6PCS	FLIPKART			DRINKS	APPLE	6	200 MLS	OTHER	JIVO	LTR		OTHER	Y	N	0
EDOGHFSWJBKWD9XK	FL-Extra Virgin-Extra Light-Pomace-15L	EXTRA VIRGIN 5L + EXTRA LIGHT 5L + JIVO POMACE 5L	FLIPKART			OLIVE	EXTRA VIRGIN		5+5+5 LTR	PREMIUM	JIVO	LTR	15	OIL	N	N	0
BOTHYVMNCRZHCY2V	JIVO-INFI-FERRERO-1000	JIVO-INFI-FERRERO-1000	FLIPKART			Ferrero	Ferrero			OTHER	JIVO	LTR		OTHER	N	N	0
BOTHYVPX44HZZQRG	JIVO-INFI-CRYPTO-500	JIVO-INFI-CRYPTO-500	FLIPKART			Crypto	Crypto			OTHER	JIVO	LTR		OTHER	N	N	0
DAJH7TQ57QBRQ7DT	Wheatgrass_Ginger_Ale_Sugar_Free_6PCS	WG GINGER ALE 200 ML X 6PCS	FLIPKART			DRINKS	GIGNGER ALE	6	200 MLS	OTHER	JIVO	LTR		OTHER	Y	N	0
BOTH4SQVCNDSQJYH	JIVO-INFI-ELEGANCE-PACK-1	JIVO-INFI-ELEGANCE-PACK-1	FLIPKART			ELEGANCE	ELEGANCE			OTHER	JIVO	LTR		OIL	N	N	0
DAJH7VUW7J7DZN7Q	Wheatgrass_Mojito_6PCS	WG MOJITO 200 MLX6PCS	FLIPKART			DRINKS	MOJITO	6	200 MLS	OTHER	JIVO	LTR		OTHER	Y	N	0
EDOH9Z7UHSZGTXHU	Jivo_5L_Mustard_with_elegance_water_bottel	MUSTARD 5L	FLIPKART			MUSTARD	MUSTARD KACCHI GHANI		5 LTR	COMMODITY	JIVO	LTR	5	OIL	Y	Y	73.875
QWRGGC56R2MHCFBE	Pomace 5L+Extra Virgin 5L-shopsy	EXTRA VIRGIN 5L + JIVO POMACE 5L	FLIPKART			OLIVE	EXTRA VIRGIN		5+5 LTR	PREMIUM	JIVO	LTR	10	OIL	Y	Y	37.43
EDOH9P7NNNJUXGZP	Jivo_Groundnut_5L_With_Rapture_flask	GROUNDNUT 5L	FLIPKART			GROUNDNUT	GROUNDNUT		5 LTR	PREMIUM	JIVO	LTR	5	OIL	Y	Y	73.875
EDOGDUU45CEVJSYR	Pomace 5L+Extra Virgin 5L	EXTRA VIRGIN 5L + JIVO POMACE 5L	FLIPKART			OLIVE	EXTRA VIRGIN		5+5 LTR	PREMIUM	JIVO	LTR	10	OIL	Y	Y	37.43
EDOGQUT9G49NFAGZ	Sano Sunflower 5L + Sunflower 5 L	SANO SUNFLOWER 5L + SUNFLOWER OIL 5L	FLIPKART			SUNFLOWER OIL	SUNFLOWER OIL		5+5 LTR	COMMODITY	SANO	LTR	10	OIL	Y	Y	37.43
EDOGQTHV2RJYBFR9	Sano-M-5L	SANO MUSTARD 5L	FLIPKART			MUSTARD	MUSTARD KACCHI GHANI		5 LTR	COMMODITY	SANO	LTR	5	OIL	Y	Y	73.875
EDOGHFTJZH5CCDJ6	FL-Ex light 5L+1L virgin	EXTRA LIGHT 5L + EXTRA VIRGIN 1L	FLIPKART			OLIVE	EXTRA VIRGIN		5+1 LTR	PREMIUM	JIVO	LTR	6	OIL	Y	Y	80.75
EDOGYCJYJQTGHXJE	Mustard Oil 2 Ltr	MUSTARD 2L	FLIPKART			MUSTARD	MUSTARD KACCHI GHANI		2 LTR	COMMODITY	JIVO	LTR	2	OIL	Y	Y	7.875
QWRGEMQGRDX7BTJ6	Canola 5+1L_Shopsy	CANOLA 5L + 1L	FLIPKART			CANOLA	CANOLA		5+1 LTR	PREMIUM	JIVO	LTR	6	OIL	Y	Y	80.75
EDOH9P83CD6GZUMX	Jivo_5-Soyabean_with_utopia_flask	SOYABEAN 5L	FLIPKART			SOYABEAN	SOYABEAN		5 LTR	COMMODITY	JIVO	LTR	5	OIL	Y	Y	73.875
EDOGNZ7K5EKDCHRU	Extra Light1Ltr-Pomace1Ltr-Pomace1Ltr-1LtrPomace	JIVO POMACE 1L X 3 + EXTRA LIGHT 1L	FLIPKART			OLIVE	EXTRA LIGHT		1+1+1+1 LTR	PREMIUM	JIVO	LTR	4	OIL	Y	Y	23.375
EDOGGPF93QDDAMSG	SOYA005+1	SOYABEAN 5L + 1L	FLIPKART			SOYABEAN	SOYABEAN		5+1 LTR	COMMODITY	JIVO	LTR	6	OIL	Y	Y	80.75
EDOHGWU9WAPBEHWK	Mustard Oil 4L	MUSTARD 4L	FLIPKART	FG0000302	MUSTARD KACHI GHANI 4 LTR 5 PCS	MUSTARD	MUSTARD KACCHI GHANI	5	4 LTR	COMMODITY	JIVO	LTR	4	OIL	Y	Y	23.375
EDOHGP2YUDANTUXG	Jivo_Extra Virgin_200ml_Pack_Of_2	EXTRA VIRGIN 200ML	FLIPKART			OLIVE	EXTRA VIRGIN	2	200 MLS	PREMIUM	JIVO	MLS	0.2	OIL	Y	Y	3.43
EDOHGPF2ZQ9RQPB3	Jivo_Extra Virgin_200ml	EXTRA VIRGIN 200ML	FLIPKART			OLIVE	EXTRA VIRGIN		200 MLS	PREMIUM	JIVO	MLS	0.2	OIL	Y	Y	3.43
EDOHGP27PXFNHZNZ	Jivo_Extra Virgin_200ml_Pack_Of_3	EXTRA VIRGIN 200ML	FLIPKART			OLIVE	EXTRA VIRGIN	3	200 MLS	PREMIUM	JIVO	MLS	0.2	OIL	Y	Y	3.43
QWRGGCFZQUPZT3AR	Extra Virgin-Extra Light-Pomace-15L- shopsy	EXTRA VIRGIN 5L + EXTRA LIGHT 5L + JIVO POMACE 5L	FLIPKART			OLIVE	EXTRA VIRGIN		5+5+5 LTR	PREMIUM	JIVO	LTR	15	OIL	Y	Y	0
EDOGNZ4RAC8J4ZP6	Canola2Ltr-EXtraLight1Ltr-Pomace1Ltr	CANOLA 2L + EXTRA LIGHT 1L + JIVO POMACE 1L	FLIPKART			OLIVE	EXTRA LIGHT		2+1+1 LTR	PREMIUM	JIVO	LTR	4	OIL	Y	Y	23.375
TEAHHQTVMG8QJ9ZJ	Tea_250g_Pack_of_4	TEA 250G PACK OF 4	FLIPKART			TEA	TEA		1 KG	OTHER	JIVO			OTHER	N	N	0
TEAHHNH929SDCEGN	Jivo_Tea_250g_Pack_Of_3	TEA 250G PACK OF 3	FLIPKART			TEA	TEA		750 GM	OTHER	JIVO			OTHER	N	N	0
EDOHGWSVUNGY8Y3M	JIvo Sunflower Oil 4 L	SUNFLOWER OIL 4L	FLIPKART			SUNFLOWER	SUNFLOWER		4 LTR	COMMODITY	JIVO	LTR	4	OIL	Y	Y	23.375
EDOHH3NKYPDHRHGK	CANOLA 3L+RICE 3KG	CANOLA 3L + RICE KG	FLIPKART			CANOLA	CANOLA		3 LTR	PREMIUM	JIVO	LTR	3	OIL	Y	Y	9.875
EDOGKC6KWYBCNNGH	Mustard-3LCan	MUSTARD 3L	FLIPKART			MUSTARD	MUSTARD KACCHI GHANI		3 LTR	COMMODITY	JIVO	LTR	3	OIL	Y	Y	9.875
TEAHHNH9HQQVXFMA	Jivo_Tea_250g_Pack_Of_2	TEA 250G PACK OF 2	FLIPKART			TEA	TEA		250 GM	OTHER	JIVO			OTHER	N	N	0
FLRHJ4DBVWCPKTHH	Jivo Makai Atta - 500gm	MAKKI ATTA 500 GM	FLIPKART			MAKKI ATTA	MAKKI ATTA		500 GM	OTHER	JIVO			OTHER	N	N	0
CRLGGF7YG5DJ4SMX	ROTI BOX		FLIPKART											0
TEAHHNH98DRXVHNK	Jivo_Tea_250g	TEA 250 GM	FLIPKART			TEA	TEA		250 GM	OTHER	JIVO			OTHER	N	N	0
EDOHH3NCNGRWNYRR	Yellow Mustad 1L + Coffee 100 G	YELLOW MUSTARD 1L + COFFEE 100 GM	FLIPKART			MUSTARD	YELLOW MUSTARD		1 LTR	PREMIUM	JIVO	LTR	1	OIL	Y	Y	6.875
EDOGJMUFJFKSFU3D	FL-Extra Virgin 5L+Extra Light 2L	EXTRA LIGHT 5L + EXTRA LIGHT 2L	FLIPKART			OLIVE	EXTRA VIRGIN		5 LTR + 2 LTR	PREMIUM	JIVO	LTR	7	OIL	Y	Y	81.75
EDOGNZ484UZRUYYZ	Pomace 5Ltr-Canola2Ltr	JIVO POMACE 5L + CANOLA 2L	FLIPKART			OLIVE	JIVO POMACE		5 LTR + 2 LTR	PREMIUM	JIVO	LTR	7	OIL	Y	Y	81.75
EDOHNFQUDF32JHZR	Jivo-Yellow-Mustard-1L+1L	YELLOW MUSTARD 1L + 1L	FLIPKART			MUSTARD	YELLOW MUSTARD		1 LTR + 1LTR	PREMIUM	JIVO	LTR	2	OIL	Y	Y	7.875
EDOGNPGGFM3M5HQA	Pomace5Ltr-ExtraLight1Ltr-Pomace1Ltr	JIVO POMACE 5L + EXTRA LIGHT 1L +JIVO POMACE 1L	FLIPKART			OLIVE	JIVO POMACE		5 LTR + 1 LTR + 1 LTR	PREMIUM	JIVO	LTR	7		Y	Y	81.75
