city,pincode,locality,note
Ahmedabad,380001,Ahmedabad GPO,Blinkit delivers here but Jivo not listed
Ahmedabad,380003,DELIVERY HUB AHMEDABAD,Blinkit delivers here but Jivo not listed
Ahmedabad,380004,Shahibag SO,Blinkit delivers here but Jivo not listed
Ahmedabad,380005,Sabarmati SO,Blinkit delivers here but Jivo not listed
Ahmedabad,380006,Ellisbridge SO,Blinkit delivers here but Jivo not listed
Ahmedabad,380007,Paldi SO Ahmedabad,Blinkit delivers here but Jivo not listed
Ahmedabad,380008,Maninagar SO,Blinkit delivers here but Jivo not listed
Ahmedabad,380009,Navrangpura HO,Blinkit delivers here but Jivo not listed
Ahmedabad,380013,Naranpura Vistar SO,Blinkit delivers here but Jivo not listed
Ahmedabad,380014,Navjivan SO,Blinkit delivers here but Jivo not listed
Ahmedabad,380015,Manekbag SO,Blinkit delivers here but Jivo not listed
Ahmedabad,380018,Saraspur SO,Blinkit delivers here but Jivo not listed
Ahmedabad,380019,Railway Colony SO Ahmedabad,Blinkit delivers here but Jivo not listed
Ahmedabad,380021,Rajpur Gomtipur SO,Blinkit delivers here but Jivo not listed
Ahmedabad,380022,Behrampura SO,Blinkit delivers here but Jivo not listed
Ahmedabad,380023,Rakhial Udyog Vistar SO,Blinkit delivers here but Jivo not listed
Ahmedabad,380024,I E Bapunagar SO,Blinkit delivers here but Jivo not listed
Ahmedabad,380026,Amraiwadi SO,Blinkit delivers here but Jivo not listed
Ahmedabad,380027,Gandhi Ashram SO Ahmedabad,Blinkit delivers here but Jivo not listed
Ahmedabad,380028,Shah Alam Roza SO,Blinkit delivers here but Jivo not listed
Ahmedabad,380049,Nikol SO,Blinkit delivers here but Jivo not listed
Ahmedabad,380050,Ghodasar SO Ahmedabad,Blinkit delivers here but Jivo not listed
Ahmedabad,380051,Jivraj Park SO,Blinkit delivers here but Jivo not listed
Ahmedabad,380052,Memnagar SO,Blinkit delivers here but Jivo not listed
Ahmedabad,380054,Bodakdev SO,Blinkit delivers here but Jivo not listed
Ahmedabad,380055,Juhapura SO,Blinkit delivers here but Jivo not listed
Ahmedabad,380058,Ambli BO,Blinkit delivers here but Jivo not listed
Ahmedabad,380059,Shilaj BO,Blinkit delivers here but Jivo not listed
Ahmedabad,380061,Ghatlodia SO,Blinkit delivers here but Jivo not listed
Ahmedabad,380063,Sola H B C SO,Blinkit delivers here but Jivo not listed
Ahmedabad,382330,Pardhol BO,Blinkit delivers here but Jivo not listed
Ahmedabad,382345,Saijpur Bogha SO,Blinkit delivers here but Jivo not listed
Ahmedabad,382350,T B Nagar SO,Blinkit delivers here but Jivo not listed
Ahmedabad,382415,Odhav Industrial Estate SO,Blinkit delivers here but Jivo not listed
Ahmedabad,382418,Vastral SO,Blinkit delivers here but Jivo not listed
Ahmedabad,382424,Sughad BO,Blinkit delivers here but Jivo not listed
Ahmedabad,382443,Isanpur SO,Blinkit delivers here but Jivo not listed
Ahmedabad,382445,Vivekanandnagar BO,Blinkit delivers here but Jivo not listed
Ahmedabad,382475,Sardarnagar SO,Blinkit delivers here but Jivo not listed
Ahmedabad,382480,Ranip SO,Blinkit delivers here but Jivo not listed
Ahmedabad,382481,Chandlodia SO,Blinkit delivers here but Jivo not listed
Bengaluru,560010,Rajajinagar H.O,Blinkit delivers here but Jivo not listed
Bengaluru,560108,Anjanapura S.O,Blinkit delivers here but Jivo not listed
Bhubaneswar,751001,Bhubaneswar G.P.O.,Blinkit delivers here but Jivo not listed
Bhubaneswar,751002,Itipur B.O,Blinkit delivers here but Jivo not listed
Bhubaneswar,751003,Andharua B.O,Blinkit delivers here but Jivo not listed
Bhubaneswar,751004,Utkal University S.O,Blinkit delivers here but Jivo not listed
Bhubaneswar,751006,Budheswari Colony S.O,Blinkit delivers here but Jivo not listed
Bhubaneswar,751007,Saheed Nagar S.O,Blinkit delivers here but Jivo not listed
Bhubaneswar,751008,Rajbhawan S.O (Khorda),Blinkit delivers here but Jivo not listed
Bhubaneswar,751009,Ashok Nagar S.O (Khorda),Blinkit delivers here but Jivo not listed
Bhubaneswar,751011,C R P Lines S.O,Blinkit delivers here but Jivo not listed
Bhubaneswar,751012,Nayapalli S.O,Blinkit delivers here but Jivo not listed
Bhubaneswar,751013,Regional Research Laboratory S.O,Blinkit delivers here but Jivo not listed
Bhubaneswar,751014,B J B Nagar S.O,Blinkit delivers here but Jivo not listed
Bhubaneswar,751016,Chandra Sekhar Pur S.O,Blinkit delivers here but Jivo not listed
Bhubaneswar,751017,Mancheswar B.O,Blinkit delivers here but Jivo not listed
Bhubaneswar,751019,Jadupur B.O,Blinkit delivers here but Jivo not listed
Bhubaneswar,751021,Sailashree Vihar S.O,Blinkit delivers here but Jivo not listed
Bhubaneswar,751022,Bhoinagar S.O,Blinkit delivers here but Jivo not listed
Bhubaneswar,751023,S.E Rly.Proj. Complex S.O,Blinkit delivers here but Jivo not listed
Bhubaneswar,751024,Kalarahanga B.O,Blinkit delivers here but Jivo not listed
Bhubaneswar,751026,N.M.D Parcel Centre Bhubaneswar,Blinkit delivers here but Jivo not listed
Bhubaneswar,751027,International Business Centre,Blinkit delivers here but Jivo not listed
Bhubaneswar,751028,Tamando S.O,Blinkit delivers here but Jivo not listed
Bhubaneswar,751029,Mahalaxmivihar S.O,Blinkit delivers here but Jivo not listed
Bhubaneswar,751030,Khandagiri S.O,Blinkit delivers here but Jivo not listed
Bhubaneswar,751031,Patia S.O,Blinkit delivers here but Jivo not listed
Bhubaneswar,751032,PAHAL S.O,Blinkit delivers here but Jivo not listed
Bhubaneswar,751033,BARAMUNDA NDC,Blinkit delivers here but Jivo not listed
Bhubaneswar,751034,RASULGARH NDC,Blinkit delivers here but Jivo not listed
Bhubaneswar,752050,Turumal B.O,Blinkit delivers here but Jivo not listed
Bhubaneswar,752101,Jagannathpur B.O,Blinkit delivers here but Jivo not listed
Bhubaneswar,752115,Bhatpatna S.O,Blinkit delivers here but Jivo not listed
Chennai,600002,Anna Road H.O,Blinkit delivers here but Jivo not listed
Chennai,600005,Tiruvallikeni S.O,Blinkit delivers here but Jivo not listed
Chennai,600008,EGMORE MDO,Blinkit delivers here but Jivo not listed
Chennai,600010,Kilpauk S.O,Blinkit delivers here but Jivo not listed
Chennai,600011,Perambur S.O,Blinkit delivers here but Jivo not listed
Chennai,600013,Rayapuram S.O,Blinkit delivers here but Jivo not listed
Chennai,600015,Saidapet S.O (Chennai),Blinkit delivers here but Jivo not listed
Chennai,600017,Thygarayanagar H.O,Blinkit delivers here but Jivo not listed
Chennai,600019,Tiruvottiyur SO,Blinkit delivers here but Jivo not listed
Chennai,600021,Washermanpet S.O,Blinkit delivers here but Jivo not listed
Chennai,600022,Rajbhavan S.O (Chennai),Blinkit delivers here but Jivo not listed
Chennai,600023,Aynavaram S.O,Blinkit delivers here but Jivo not listed
Chennai,600024,Kodambakkam S.O,Blinkit delivers here but Jivo not listed
Chennai,600025,Engineering College S.O (Chennai),Blinkit delivers here but Jivo not listed
Chennai,600031,Chetput S.O,Blinkit delivers here but Jivo not listed
Chennai,600032,Guindy Industrial Estate S.O,Blinkit delivers here but Jivo not listed
Chennai,600033,West Mambalam S.O,Blinkit delivers here but Jivo not listed
Chennai,600035,Nandanam S.O,Blinkit delivers here but Jivo not listed
Chennai,600036,Indian Institute Of Technology S.O,Blinkit delivers here but Jivo not listed
Chennai,600038,Icf Colony S.O,Blinkit delivers here but Jivo not listed
Chennai,600040,Anna Nagar S.O (Chennai),Blinkit delivers here but Jivo not listed
Chennai,600041,Tiruvanmiyur S.O,Blinkit delivers here but Jivo not listed
Chennai,600042,Velacheri S.O,Blinkit delivers here but Jivo not listed
Chennai,600049,Villivakkam SO,Blinkit delivers here but Jivo not listed
Chennai,600050,Padi SO,Blinkit delivers here but Jivo not listed
Chennai,600058,Ambattur Indl Estate SO,Blinkit delivers here but Jivo not listed
Chennai,600068,Manali SO Tiruvallur,Blinkit delivers here but Jivo not listed
Chennai,600077,Thiruverkadu SO,Blinkit delivers here but Jivo not listed
Chennai,600078,Kalaignar Karunanidhi Nagar S.O,Blinkit delivers here but Jivo not listed
Chennai,600081,Tondiarpet S.O,Blinkit delivers here but Jivo not listed
Chennai,600083,Ashoknagar S.O (Chennai),Blinkit delivers here but Jivo not listed
Chennai,600084,Flowers Road S.O,Blinkit delivers here but Jivo not listed
Chennai,600085,Kotturpuram S.O,Blinkit delivers here but Jivo not listed
Chennai,600086,Gopalapuram S.O (Chennai),Blinkit delivers here but Jivo not listed
Chennai,600087,Alwarthirunagar S.O,Blinkit delivers here but Jivo not listed
Chennai,600089,Nandambakkam Kudiyiruppu S.O,Blinkit delivers here but Jivo not listed
Chennai,600090,Besantnagar S.O,Blinkit delivers here but Jivo not listed
Chennai,600092,Virugambakkam S.O,Blinkit delivers here but Jivo not listed
Chennai,600093,Saligramam S.O,Blinkit delivers here but Jivo not listed
Chennai,600095,Maduravoyal SO,Blinkit delivers here but Jivo not listed
Chennai,600097,Oggiamthoraipakkam S.O,Blinkit delivers here but Jivo not listed
Chennai,600104,High Court Building S.O (Chennai),Blinkit delivers here but Jivo not listed
Chennai,600107,Koyambedu S.O,Blinkit delivers here but Jivo not listed
Chennai,600113,TTTI Taramani S.O,Blinkit delivers here but Jivo not listed
Chennai,600115,Injambakkam S.O,Blinkit delivers here but Jivo not listed
Chennai,600116,Porur SO,Blinkit delivers here but Jivo not listed
Chennai,600118,Kodungaiyur SO,Blinkit delivers here but Jivo not listed
Chennai,600119,Sholinganallur S.O,Blinkit delivers here but Jivo not listed
Chennai,600125,Mugalivakkam SO,Blinkit delivers here but Jivo not listed
Coimbatore,641001,Coimbatore HO,Blinkit delivers here but Jivo not listed
Coimbatore,641002,Rathinasabapathy Puram HO,Blinkit delivers here but Jivo not listed
Coimbatore,641003,Lawley Road SO,Blinkit delivers here but Jivo not listed
Coimbatore,641005,Singanallur SO,Blinkit delivers here but Jivo not listed
Coimbatore,641006,Ganapathy SO,Blinkit delivers here but Jivo not listed
Coimbatore,641007,Sundapalayam BO,Blinkit delivers here but Jivo not listed
Coimbatore,641008,Kuniamuthur SO,Blinkit delivers here but Jivo not listed
Coimbatore,641009,Ramnagar Coimbatore SO,Blinkit delivers here but Jivo not listed
Coimbatore,641011,Saibaba Mission SO,Blinkit delivers here but Jivo not listed
Coimbatore,641012,Tatabad SO,Blinkit delivers here but Jivo not listed
Coimbatore,641013,GovtCollege Of Technology SO,Blinkit delivers here but Jivo not listed
Coimbatore,641014,Coimbatore Aerodrome SO,Blinkit delivers here but Jivo not listed
Coimbatore,641015,Uppilipalayam SO,Blinkit delivers here but Jivo not listed
Coimbatore,641016,Pattanam BO,Blinkit delivers here but Jivo not listed
Coimbatore,641018,Coimbatore Central SO,Blinkit delivers here but Jivo not listed
Coimbatore,641021,Eachanari BO,Blinkit delivers here but Jivo not listed
Coimbatore,641022,Sengalipalayam BO,Blinkit delivers here but Jivo not listed
Coimbatore,641023,Podanur SO,Blinkit delivers here but Jivo not listed
Coimbatore,641024,Sundarapuram SO,Blinkit delivers here but Jivo not listed
Coimbatore,641025,Velandipalayam SO,Blinkit delivers here but Jivo not listed
Coimbatore,641026,Komarapalayam Coimbatore SO,Blinkit delivers here but Jivo not listed
Coimbatore,641027,Rathinapuri SO,Blinkit delivers here but Jivo not listed
Coimbatore,641028,Sowripalayam SO,Blinkit delivers here but Jivo not listed
Coimbatore,641029,Vellakinar BO,Blinkit delivers here but Jivo not listed
Coimbatore,641030,Kavundampalayam Colony SO,Blinkit delivers here but Jivo not listed
Coimbatore,641031,Rakkipalayam BO,Blinkit delivers here but Jivo not listed
Coimbatore,641033,Neelikonampalayam SO,Blinkit delivers here but Jivo not listed
Coimbatore,641034,Tudiyalur SO,Blinkit delivers here but Jivo not listed
Coimbatore,641035,Keeranatham BO,Blinkit delivers here but Jivo not listed
Coimbatore,641037,Pappanaickenpalayam SO,Blinkit delivers here but Jivo not listed
Coimbatore,641038,Kuppakonanpudur SO,Blinkit delivers here but Jivo not listed
Coimbatore,641040,NDC Coimbatore,Blinkit delivers here but Jivo not listed
Coimbatore,641041,Pappanaickenpudur SO,Blinkit delivers here but Jivo not listed
Coimbatore,641044,Siddhapudur SO,Blinkit delivers here but Jivo not listed
Coimbatore,641045,Ramanathapuram Coimbatore SO,Blinkit delivers here but Jivo not listed
Coimbatore,641049,Chinnavedampatti SO,Blinkit delivers here but Jivo not listed
Coimbatore,641103,Athappagoundenpudur BO,Blinkit delivers here but Jivo not listed
Coimbatore,641111,Vellalore SO,Blinkit delivers here but Jivo not listed
Coimbatore,642006,Suleeswaran Patti S.O,Blinkit delivers here but Jivo not listed
Delhi,110036,Kadipur BO,Blinkit delivers here but Jivo not listed
Delhi,110047,Arjungarh SO,Blinkit delivers here but Jivo not listed
Delhi,110056,Shakur Basti Depot SO,Blinkit delivers here but Jivo not listed
Gurugram,122003,Jharsa BO,Blinkit delivers here but Jivo not listed
Gurugram,122009,Galleria DLFIV SO,Blinkit delivers here but Jivo not listed
Gurugram,122102,Raisina BO,Blinkit delivers here but Jivo not listed
Gurugram,122414,Khatauli BO,Blinkit delivers here but Jivo not listed
Gurugram,122502,Cheelarh BO,Blinkit delivers here but Jivo not listed
Gurugram,122503,Baslambi BO,Blinkit delivers here but Jivo not listed
Gurugram,122506,Khera Khurampur BO,Blinkit delivers here but Jivo not listed
Hyderabad,500002,Charminar HO,Blinkit delivers here but Jivo not listed
Hyderabad,500004,Khairatabad H.O,Blinkit delivers here but Jivo not listed
Hyderabad,500005,Jalpally B.O,Blinkit delivers here but Jivo not listed
Hyderabad,500009,Manovikasnagar S.O,Blinkit delivers here but Jivo not listed
Hyderabad,500010,Bolarum S.O,Blinkit delivers here but Jivo not listed
Hyderabad,500011,Bowenpally S.O,Blinkit delivers here but Jivo not listed
Hyderabad,500012,Begum Bazar S.O,Blinkit delivers here but Jivo not listed
Hyderabad,500013,Amberpet S.O,Blinkit delivers here but Jivo not listed
Hyderabad,500014,Hakimpet S.O,Blinkit delivers here but Jivo not listed
Hyderabad,500016,Begumpet S.O,Blinkit delivers here but Jivo not listed
Hyderabad,500017,Lallaguda S.O,Blinkit delivers here but Jivo not listed
Hyderabad,500022,Central Secretariat S.O,Blinkit delivers here but Jivo not listed
Hyderabad,500023,Yakutpura S.O,Blinkit delivers here but Jivo not listed
Hyderabad,500026,Nehrunagar S.O,Blinkit delivers here but Jivo not listed
Hyderabad,500033,Jubilee Hills S.O,Blinkit delivers here but Jivo not listed
Hyderabad,500034,Banjara Hills S.O,Blinkit delivers here but Jivo not listed
Hyderabad,500036,Malakpet Colony S.O,Blinkit delivers here but Jivo not listed
Hyderabad,500041,Raj Bhawan S.O,Blinkit delivers here but Jivo not listed
Hyderabad,500044,New Nallakunta S.O,Blinkit delivers here but Jivo not listed
Hyderabad,500045,Yousufguda S.O,Blinkit delivers here but Jivo not listed
Hyderabad,500053,Falaknuma S.O,Blinkit delivers here but Jivo not listed
Hyderabad,500057,Vijay Nagar Colony S.O,Blinkit delivers here but Jivo not listed
Hyderabad,500058,Kanchanbagh S.O,Blinkit delivers here but Jivo not listed
Hyderabad,500059,Saidabad S.O,Blinkit delivers here but Jivo not listed
Hyderabad,500063,LIC Division S.O,Blinkit delivers here but Jivo not listed
Hyderabad,500065,Shahalibanda S.O,Blinkit delivers here but Jivo not listed
Hyderabad,500066,High Court S.O,Blinkit delivers here but Jivo not listed
Hyderabad,500073,Srinagar Colony S.O,Blinkit delivers here but Jivo not listed
Hyderabad,500080,Gandhinagar S.O,Blinkit delivers here but Jivo not listed
Hyderabad,500081,Cyberabad S.O,Blinkit delivers here but Jivo not listed
Hyderabad,500082,Somajiguda S.O,Blinkit delivers here but Jivo not listed
Hyderabad,500084,Kothaguda S.O,Blinkit delivers here but Jivo not listed
Hyderabad,500095,Putlibowli S.O,Blinkit delivers here but Jivo not listed
Hyderabad,500107,Gopanpally S.O,Blinkit delivers here but Jivo not listed
Hyderabad,500110,Prashasan Nagar S.O,Blinkit delivers here but Jivo not listed
Hyderabad,500112,Almasguda B.O,Blinkit delivers here but Jivo not listed
Indore,452010,Vijay Nagar S.O,Blinkit delivers here but Jivo not listed
Jaipur,302001,Jaipur G.P.O.,Blinkit delivers here but Jivo not listed
Jaipur,302003,Jaipur City S.O,Blinkit delivers here but Jivo not listed
Jaipur,302004,Jawahar Nagar H.O,Blinkit delivers here but Jivo not listed
Jaipur,302005,Rajasthan Secretariate S.O,Blinkit delivers here but Jivo not listed
Jaipur,302006,Jaipur R.S. S.O,Blinkit delivers here but Jivo not listed
Jaipur,302015,Gandhi Nagar S.O (Jaipur),Blinkit delivers here but Jivo not listed
Jaipur,302017,Malviya Nagar S.O (Jaipur),Blinkit delivers here but Jivo not listed
Jaipur,302018,Durgapura S.O,Blinkit delivers here but Jivo not listed
Jaipur,302019,Shyam Nagar S.O (Jaipur),Blinkit delivers here but Jivo not listed
Jaipur,302020,Mansarovar S.O,Blinkit delivers here but Jivo not listed
Jaipur,302021,Vaishali Nagar S.O,Blinkit delivers here but Jivo not listed
Jaipur,302022,Bilwa B.O,Blinkit delivers here but Jivo not listed
Jaipur,302033,Pratap Nagar Sector 11 S.O,Blinkit delivers here but Jivo not listed
Jaipur,302034,Panchyawala S.O,Blinkit delivers here but Jivo not listed
Jaipur,302036,Jaisinghpura Khore S.O,Blinkit delivers here but Jivo not listed
Jaipur,302037,Mahindra World City S.O (Jaipur),Blinkit delivers here but Jivo not listed
Jaipur,302038,Kookas S.O,Blinkit delivers here but Jivo not listed
Jaipur,302039,Murlipura S.O,Blinkit delivers here but Jivo not listed
Jaipur,302040,Nangal Jaisabohara S.O,Blinkit delivers here but Jivo not listed
Jaipur,302041,Dhankya B.O,Blinkit delivers here but Jivo not listed
Jaipur,302042,Bad Ke Balaji S.O,Blinkit delivers here but Jivo not listed
Jaipur,302043,Muhana S.O,Blinkit delivers here but Jivo not listed
Jaipur,302044,Govindpura S.O.,Blinkit delivers here but Jivo not listed
Jaipur,302045,Sirsi SO,Blinkit delivers here but Jivo not listed
Jaipur,302046,Bhanpur kalan S.O,Blinkit delivers here but Jivo not listed
Jaipur,303104,Dev Ka Harwada BO,Blinkit delivers here but Jivo not listed
Jaipur,303121,NIMS University SO,Blinkit delivers here but Jivo not listed
Jaipur,303122,Vedaant Gyan Valley SO,Blinkit delivers here but Jivo not listed
Kochi,682001,Kochi HO,Blinkit delivers here but Jivo not listed
Kochi,682002,Mattancherry SO,Blinkit delivers here but Jivo not listed
Kochi,682005,Thoppumpady SO,Blinkit delivers here but Jivo not listed
Kochi,682006,Palluruthy SO,Blinkit delivers here but Jivo not listed
Kochi,682007,Kumbalangi SO,Blinkit delivers here but Jivo not listed
Kochi,682011,Ernakulam HO,Blinkit delivers here but Jivo not listed
Kochi,682012,Pachalam SO,Blinkit delivers here but Jivo not listed
Kochi,682013,Thevara SO,Blinkit delivers here but Jivo not listed
Kochi,682015,Perumanur SO,Blinkit delivers here but Jivo not listed
Kochi,682016,Kochi MGRoad SO,Blinkit delivers here but Jivo not listed
Kochi,682017,Kaloor SO,Blinkit delivers here but Jivo not listed
Kochi,682018,Ernakulam North SO,Blinkit delivers here but Jivo not listed
Kochi,682019,Vyttila SO,Blinkit delivers here but Jivo not listed
Kochi,682020,Kadavanthara SO,Blinkit delivers here but Jivo not listed
Kochi,682021,Vadacode Kailas Colony BO,Blinkit delivers here but Jivo not listed
Kochi,682023,Vaduthala SO,Blinkit delivers here but Jivo not listed
Kochi,682024,Edapally North BO,Blinkit delivers here but Jivo not listed
Kochi,682025,Palarivattom SO,Blinkit delivers here but Jivo not listed
Kochi,682028,Vennala SO,Blinkit delivers here but Jivo not listed
Kochi,682031,Shanmugham Road SO,Blinkit delivers here but Jivo not listed
Kochi,682032,Thammanam SO,Blinkit delivers here but Jivo not listed
Kochi,682033,Changampuzha Nagar SO,Blinkit delivers here but Jivo not listed
Kochi,682034,Cheranallur SO,Blinkit delivers here but Jivo not listed
Kochi,682036,Panampilly Nagar SO,Blinkit delivers here but Jivo not listed
Kochi,682037,Cochin Special Economic Zone SO,Blinkit delivers here but Jivo not listed
Kochi,682038,Poonithura SO,Blinkit delivers here but Jivo not listed
Kochi,682039,Rajagiri Valley SO,Blinkit delivers here but Jivo not listed
Kochi,682040,Nettoor SO,Blinkit delivers here but Jivo not listed
Kochi,682041,AIMS Ponekkara SO,Blinkit delivers here but Jivo not listed
Kochi,682042,InfoparkKochi SO,Blinkit delivers here but Jivo not listed
Kochi,682050,International Business Centre IBC,Blinkit delivers here but Jivo not listed
Kochi,682051,Kochi Parcel Centre PO,Blinkit delivers here but Jivo not listed
Kochi,682052,Kakkanad NDC,Blinkit delivers here but Jivo not listed
Kochi,682304,Maradu SO,Blinkit delivers here but Jivo not listed
Kochi,682306,Eroor West BO,Blinkit delivers here but Jivo not listed
Kochi,682309,Irimbanam SO,Blinkit delivers here but Jivo not listed
Kochi,682506,Kumbalam BO,Blinkit delivers here but Jivo not listed
Kochi,682507,Mundamveli SO,Blinkit delivers here but Jivo not listed
Kochi,682511,Malipuram SO,Blinkit delivers here but Jivo not listed
Kochi,683108,Uliyannoor BO,Blinkit delivers here but Jivo not listed
Kochi,683111,Kochi Airport SO,Blinkit delivers here but Jivo not listed
Kochi,683112,Erumathala SO,Blinkit delivers here but Jivo not listed
Kochi,683501,Manjummel BO,Blinkit delivers here but Jivo not listed
Kochi,683503,Hmt Colony SO,Blinkit delivers here but Jivo not listed
Kochi,683561,Malayidumthuruth BO,Blinkit delivers here but Jivo not listed
Kochi,683563,Naval Armament Depot  Aluva SO,Blinkit delivers here but Jivo not listed
Kolkata,700031,Dhakuria SO,Blinkit delivers here but Jivo not listed
Kolkata,700050,Sinthee SO,Blinkit delivers here but Jivo not listed
Kolkata,700078,Haltu SO,Blinkit delivers here but Jivo not listed
Kolkata,700107,Madurdaha SO,Blinkit delivers here but Jivo not listed
Lucknow,226001,Lucknow GPO,Blinkit delivers here but Jivo not listed
Lucknow,226003,Lucknow Chowk HO,Blinkit delivers here but Jivo not listed
Lucknow,226004,Rajendranagar SO Lucknow,Blinkit delivers here but Jivo not listed
Lucknow,226005,Alambagh SO,Blinkit delivers here but Jivo not listed
Lucknow,226006,Mahanagar SO,Blinkit delivers here but Jivo not listed
Lucknow,226007,New Hyderabad SO,Blinkit delivers here but Jivo not listed
Lucknow,226009,AMAUSI AD SO,Blinkit delivers here but Jivo not listed
Lucknow,226010,Maleshemau BO,Blinkit delivers here but Jivo not listed
Lucknow,226011,MANAK NAGAR SO,Blinkit delivers here but Jivo not listed
Lucknow,226012,LDA Colony SO,Blinkit delivers here but Jivo not listed
Lucknow,226013,Ghaila BO,Blinkit delivers here but Jivo not listed
Lucknow,226014,Sgpgi SO,Blinkit delivers here but Jivo not listed
Lucknow,226015,Cimap SO,Blinkit delivers here but Jivo not listed
Lucknow,226016,Indira Nagar SO,Blinkit delivers here but Jivo not listed
Lucknow,226018,Aminabad Park SO,Blinkit delivers here but Jivo not listed
Lucknow,226020,Niralanagar SO,Blinkit delivers here but Jivo not listed
Lucknow,226021,Jankipuram SO,Blinkit delivers here but Jivo not listed
Lucknow,226022,Vikas Nagar SO,Blinkit delivers here but Jivo not listed
Lucknow,226023,MANAS NAGAR SO,Blinkit delivers here but Jivo not listed
Lucknow,226024,Aliganj SO,Blinkit delivers here but Jivo not listed
Lucknow,226025,B R A University SO,Blinkit delivers here but Jivo not listed
Lucknow,226027,UPG Camp SO,Blinkit delivers here but Jivo not listed
Lucknow,226028,Amraigaon BO,Blinkit delivers here but Jivo not listed
Lucknow,226029,Vrindavan Colony SO,Blinkit delivers here but Jivo not listed
Lucknow,226030,Sushant Golf City SO,Blinkit delivers here but Jivo not listed
Lucknow,226031,Jankipuram Extension SO,Blinkit delivers here but Jivo not listed
Lucknow,226201,SAIRPUR BO,Blinkit delivers here but Jivo not listed
Lucknow,226302,Dayalpur BO,Blinkit delivers here but Jivo not listed
Mumbai,400017,Dharavi S.O,Blinkit delivers here but Jivo not listed
Mumbai,400053,Azad Nagar S.O (Mumbai),Blinkit delivers here but Jivo not listed
Mumbai,400067,Kandivali West SO,Blinkit delivers here but Jivo not listed
Mumbai,400081,Mulund East SO,Blinkit delivers here but Jivo not listed
Mumbai,400103,Mandapeshwar SO,Blinkit delivers here but Jivo not listed
Mysuru,570032,Vijayanagar IV Stage S.O,Blinkit delivers here but Jivo not listed
Nagpur,440001,Nagpur GPO,Blinkit delivers here but Jivo not listed
Nagpur,440006,Seminary Hills S.O,Blinkit delivers here but Jivo not listed
Nagpur,440007,Vayusena Nagar S.O,Blinkit delivers here but Jivo not listed
Nagpur,440008,Bagadganj S.O,Blinkit delivers here but Jivo not listed
Nagpur,440013,Katolroad S.O,Blinkit delivers here but Jivo not listed
Nagpur,440014,Jaripatka S.O,Blinkit delivers here but Jivo not listed
Nagpur,440017,Dr.Ambedkar Marg S.O,Blinkit delivers here but Jivo not listed
Nagpur,440019,C.R.P.F. Nagpur S.O,Blinkit delivers here but Jivo not listed
Nagpur,440026,Uppalwadi S.O,Blinkit delivers here but Jivo not listed
Nagpur,440030,Mankapur S.O (Nagpur),Blinkit delivers here but Jivo not listed
Nagpur,440036,Jaitala S.O,Blinkit delivers here but Jivo not listed
Nagpur,441123,Godhani S.O,Blinkit delivers here but Jivo not listed
Nagpur,441501,Dhapewada B.O,Blinkit delivers here but Jivo not listed
Noida,201314,Kot BO,Blinkit delivers here but Jivo not listed
Pune,411019,Chinchwad East S.O,Blinkit delivers here but Jivo not listed
Surat,394101,Mota Varachha SO,Blinkit delivers here but Jivo not listed
Surat,394105,Utran Power House SO,Blinkit delivers here but Jivo not listed
Surat,394111,Kim Char Rasta SO,Blinkit delivers here but Jivo not listed
Surat,394185,Navagam BO,Blinkit delivers here but Jivo not listed
Surat,394210,Bhedvad BO,Blinkit delivers here but Jivo not listed
Surat,394221,Pandesara IE SO,Blinkit delivers here but Jivo not listed
Surat,394230,Bonandh BO,Blinkit delivers here but Jivo not listed
Surat,394340,Dhamodla BO,Blinkit delivers here but Jivo not listed
Surat,394345,Umrakh BO,Blinkit delivers here but Jivo not listed
Surat,394510,Bhatpore BO,Blinkit delivers here but Jivo not listed
Surat,394516,Adityanagar SO,Blinkit delivers here but Jivo not listed
Surat,394518,Ongc Nagar SO,Blinkit delivers here but Jivo not listed
Surat,395002,Sagrampura Putli SO,Blinkit delivers here but Jivo not listed
Surat,395006,Varachha Road SO,Blinkit delivers here but Jivo not listed
Surat,395008,A K Road SO,Blinkit delivers here but Jivo not listed
Surat,395009,Navyug College SO,Blinkit delivers here but Jivo not listed
Surat,395011,Puna Kumbharia SO,Blinkit delivers here but Jivo not listed
Thiruvananthapuram,695010,Sasthamangalam SO,Blinkit delivers here but Jivo not listed
Thiruvananthapuram,695017,Sreekaryam SO,Blinkit delivers here but Jivo not listed
Thiruvananthapuram,695029,Anayara SO,Blinkit delivers here but Jivo not listed
Thiruvananthapuram,695033,Vikas Bhavan SO,Blinkit delivers here but Jivo not listed
Thiruvananthapuram,695035,Vanchiyur SO,Blinkit delivers here but Jivo not listed
Thiruvananthapuram,695051,NDC TRIVANDRUM FORT,Blinkit delivers here but Jivo not listed
Thiruvananthapuram,695582,Kazhakuttam SO,Blinkit delivers here but Jivo not listed
Thiruvananthapuram,695583,Karimanal BO,Blinkit delivers here but Jivo not listed
Thiruvananthapuram,695585,Sainik School SO Thiruvananthapuram,Blinkit delivers here but Jivo not listed
Thiruvananthapuram,695588,Powdikonam,Blinkit delivers here but Jivo not listed
Vadodara,390002,Fateganj HO,Blinkit delivers here but Jivo not listed
Vadodara,390006,Fatepura SO Vadodara,Blinkit delivers here but Jivo not listed
Vadodara,390007,Racecourse SO,Blinkit delivers here but Jivo not listed
Vadodara,390011,Manjalpur SO,Blinkit delivers here but Jivo not listed
Vadodara,390013,Maneja SO,Blinkit delivers here but Jivo not listed
Vadodara,390016,Industrial Estate Vadodara SO,Blinkit delivers here but Jivo not listed
Vadodara,390017,Wadi SN Road SO,Blinkit delivers here but Jivo not listed
Vadodara,390018,Karelibaug SO,Blinkit delivers here but Jivo not listed
Vadodara,390020,Akota SO,Blinkit delivers here but Jivo not listed
Vadodara,390021,T B Sanatorium SO,Blinkit delivers here but Jivo not listed
Vadodara,390023,Subhanpura SO,Blinkit delivers here but Jivo not listed
Vadodara,390024,Chhani Rd SO,Blinkit delivers here but Jivo not listed
Vadodara,390025,Soma Talav SO,Blinkit delivers here but Jivo not listed
Vadodara,391320,Jawahar Nagar SO Vadodara,Blinkit delivers here but Jivo not listed
Vadodara,391345,Petrochemical  T Ship SO,Blinkit delivers here but Jivo not listed
Vijayawada,520001,Vijayawada H.O,Blinkit delivers here but Jivo not listed
Vijayawada,520002,Buckinghampet H.O,Blinkit delivers here but Jivo not listed
Vijayawada,520003,Gandhinagaram S.O (Vijayawada),Blinkit delivers here but Jivo not listed
Vijayawada,520008,Vj Polytechnic S.O,Blinkit delivers here but Jivo not listed
Vijayawada,520010,Venkateswarapuram S.O,Blinkit delivers here but Jivo not listed
Vijayawada,520013,Krishnalanka S.O,Blinkit delivers here but Jivo not listed
Vijayawada,520015,Wambay Colony BO,Blinkit delivers here but Jivo not listed
Vijayawada,521108,Enikepadu B.O,Blinkit delivers here but Jivo not listed
Vijayawada,521137,Poranki S.O,Blinkit delivers here but Jivo not listed
Vijayawada,521139,Chodavaram B.O,Blinkit delivers here but Jivo not listed
Vijayawada,521225,Gollapudi S.O,Blinkit delivers here but Jivo not listed
Visakhapatnam,530001,Visakhapatnam H.O,Blinkit delivers here but Jivo not listed
Visakhapatnam,530002,Maharanipeta S.O,Blinkit delivers here but Jivo not listed
Visakhapatnam,530003,Andhra University S.O,Blinkit delivers here but Jivo not listed
Visakhapatnam,530004,Waltair R S H.O,Blinkit delivers here but Jivo not listed
Visakhapatnam,530008,Kancharapalem S.O,Blinkit delivers here but Jivo not listed
Visakhapatnam,530009,N A D S.O,Blinkit delivers here but Jivo not listed
Visakhapatnam,530011,Malkapuram S.O,Blinkit delivers here but Jivo not listed
Visakhapatnam,530012,Jaggayyapalem B.O,Blinkit delivers here but Jivo not listed
Visakhapatnam,530013,P and T Colony (VM) S.O,Blinkit delivers here but Jivo not listed
Visakhapatnam,530015,Zinc Smelter P S.O,Blinkit delivers here but Jivo not listed
Visakhapatnam,530017,L B Colony S.O,Blinkit delivers here but Jivo not listed
Visakhapatnam,530018,Marripalem S.O,Blinkit delivers here but Jivo not listed
Visakhapatnam,530020,Dabagardens S.O,Blinkit delivers here but Jivo not listed
Visakhapatnam,530022,H B Colony S.O,Blinkit delivers here but Jivo not listed
Visakhapatnam,530024,Salagramapuram S.O,Blinkit delivers here but Jivo not listed
Visakhapatnam,530026,Gajuwaka S.O,Blinkit delivers here but Jivo not listed
Visakhapatnam,530027,Narava B.O,Blinkit delivers here but Jivo not listed
Visakhapatnam,530029,Durganagar B.O,Blinkit delivers here but Jivo not listed
Visakhapatnam,530041,Pothinamallayapalem S.O,Blinkit delivers here but Jivo not listed
Visakhapatnam,530043,Visalakshinagar S.O,Blinkit delivers here but Jivo not listed
Visakhapatnam,530045,Sagar Nagar B.O,Blinkit delivers here but Jivo not listed
Visakhapatnam,530046,Vadlapudi S.O,Blinkit delivers here but Jivo not listed
Visakhapatnam,530049,Duvvada B.O,Blinkit delivers here but Jivo not listed
Visakhapatnam,530051,Chinamushidiwada B.O,Blinkit delivers here but Jivo not listed
Visakhapatnam,530053,Pedamadaka B.O,Blinkit delivers here but Jivo not listed
Visakhapatnam,531163,Kapuluppada B.O,Blinkit delivers here but Jivo not listed
Visakhapatnam,531173,Ramavaram B.O,Blinkit delivers here but Jivo not listed
